completed_updates,mse
0,0.6722509860992432
1,0.4785948097705841
2,0.3645637035369873
3,0.2988489270210266
4,0.26133081316947937
5,0.23955735564231873
6,0.22647199034690857
7,0.21810290217399597
8,0.2122526615858078
9,0.2077241688966751
10,0.20387336611747742
11,0.20054733753204346
12,0.1974567323923111
13,0.19455105066299438
14,0.19223535060882568
15,0.1900482326745987
16,0.18751493096351624
17,0.18554937839508057
18,0.18296127021312714
19,0.18101179599761963
20,0.17841994762420654
21,0.1764940321445465
22,0.1740996539592743
23,0.17217344045639038
24,0.16966307163238525
25,0.1674935668706894
26,0.16533109545707703
27,0.16253963112831116
28,0.16075775027275085
29,0.15757524967193604
30,0.15575474500656128
31,0.15271501243114471
32,0.1504528969526291
33,0.14749790728092194
34,0.14515408873558044
35,0.1424567997455597
36,0.1392904371023178
37,0.13723653554916382
38,0.1338183879852295
39,0.1313827484846115
40,0.12821419537067413
41,0.1255609691143036
42,0.12266606092453003
43,0.1194295734167099
44,0.11715759336948395
45,0.11372427642345428
46,0.11099873483181
47,0.10848331451416016
48,0.105678491294384
49,0.10314489156007767
50,0.10014553368091583
51,0.09807885438203812
52,0.09503030776977539
53,0.09228067845106125
54,0.09007866680622101
55,0.08703628927469254
56,0.08490698039531708
57,0.08197993040084839
58,0.07953572273254395
59,0.0770527571439743
60,0.07441531121730804
61,0.0718725174665451
62,0.06982162594795227
63,0.0668838769197464
64,0.06482160091400146
65,0.06255389750003815
66,0.05980013683438301
67,0.057863593101501465
68,0.055689286440610886
69,0.05331135913729668
70,0.05126892402768135
71,0.049085989594459534
72,0.04694448783993721
73,0.04528440535068512
74,0.04347314313054085
75,0.0416165366768837
76,0.039808183908462524
77,0.03790375962853432
78,0.03626090660691261
79,0.0350797213613987
80,0.033345066010951996
81,0.031367793679237366
82,0.030958715826272964
83,0.02857452630996704
84,0.02744513377547264
85,0.02628958970308304
86,0.024985024705529213
87,0.023993931710720062
88,0.02259587123990059
89,0.02173059806227684
90,0.02027033641934395
91,0.019777867943048477
92,0.01813884824514389
93,0.01790384203195572
94,0.01641954854130745
95,0.016008172184228897
96,0.014738610945641994
97,0.014430366456508636
98,0.013130521401762962
99,0.013006621971726418
100,0.011859951540827751
101,0.011494297534227371
102,0.010678458958864212
103,0.010314622893929482
104,0.009514931589365005
105,0.009265330620110035
106,0.00854058563709259
107,0.008226524107158184
108,0.007724340073764324
109,0.0072903563268482685
110,0.006887918338179588
111,0.006504305172711611
112,0.006157176103442907
113,0.005749467294663191
114,0.005551248323172331
115,0.005069355946034193
116,0.004943175241351128
117,0.004518277011811733
118,0.00430272426456213
119,0.004072851501405239
120,0.003894758876413107
121,0.003585278056561947
122,0.0034435212146490812
123,0.0031828382052481174
124,0.0030730655416846275
125,0.0028197732754051685
126,0.002702144905924797
127,0.0025687136221677065
128,0.0023530451580882072
129,0.002286313334479928
130,0.002122283447533846
131,0.0019944021478295326
132,0.0018729513976722956
133,0.0018056277185678482
134,0.0016550039872527122
135,0.0015588440001010895
136,0.0015022424049675465
137,0.0013750324724242091
138,0.00136179372202605
139,0.0012186126550659537
140,0.0011753453873097897
141,0.0011134931119158864
142,0.00100889487657696
143,0.0009754444472491741
144,0.0009121305774897337
145,0.0008643947658129036
146,0.0008008952718228102
147,0.0007417858578264713
148,0.0007344804471358657
149,0.0006637861952185631
150,0.0006426479667425156
151,0.0006014558603055775
152,0.0005509324255399406
153,0.0005333786248229444
154,0.00048430333845317364
155,0.0004718849086202681
156,0.000446048507001251
157,0.0004043486842419952
158,0.0003884889301843941
159,0.0003594757872633636
160,0.000342586514307186
161,0.0003223871754016727
162,0.0002972210349980742
163,0.00028682794072665274
164,0.00026300695026293397
165,0.0002499655820429325
166,0.00023750410764478147
167,0.00021601561456918716
168,0.00020705493807327002
169,0.00019279737898614258
170,0.00018405841547064483
171,0.00017369708803016692
172,0.00015758948575239629
173,0.00015201520000118762
174,0.00014109969197306782
175,0.00013219000538811088
176,0.00012670115393120795
177,0.00011603861639741808
178,0.00010759754513856024
179,0.00010399174789199606
180,9.745346324052662e-05
181,9.188679541694e-05
182,8.375605830224231e-05
183,8.133321534842253e-05
184,7.629601168446243e-05
185,6.931593816261739e-05
186,6.724924605805427e-05
187,6.246780685614794e-05
188,5.839455116074532e-05
189,5.485628207679838e-05
190,5.095693632028997e-05
191,4.898617771686986e-05
192,4.513696694630198e-05
193,4.23323581344448e-05
194,4.056885518366471e-05
195,3.678700159071013e-05
196,3.433423989918083e-05
197,3.331839252496138e-05
198,3.0438666726695374e-05
199,2.9552893465734087e-05
200,2.7373191187507473e-05
201,2.5617197024985217e-05
202,2.408074760751333e-05
203,2.2245287254918367e-05
204,2.085264350171201e-05
205,1.9966044419561513e-05
206,1.830188193707727e-05
207,1.8102397007169202e-05
208,1.6208781744353473e-05
209,1.539477307233028e-05
210,1.4580680726794526e-05
211,1.3214259524829686e-05
212,1.2486254490795545e-05
213,1.2069920558133163e-05
214,1.104602142731892e-05
215,1.0726548680395354e-05
216,9.68467884376878e-06
217,9.390400919073727e-06
218,8.699273166712373e-06
219,8.046025868679862e-06
220,7.52652476876392e-06
221,7.091264706104994e-06
222,6.685382686555386e-06
223,6.423412742151413e-06
224,5.916319423704408e-06
225,5.474712452269159e-06
226,5.245117790764198e-06
227,5.034090918343281e-06
228,4.4602766138268635e-06
229,4.3844238462042995e-06
230,4.125366103835404e-06
231,3.6849819480266888e-06
232,3.6226997508492786e-06
233,3.31188493873924e-06
234,3.1254926398105454e-06
235,3.0092148790572537e-06
236,2.668183242349187e-06
237,2.657179720699787e-06
238,2.4571731955802534e-06
239,2.185493485740153e-06
240,2.1961573111184407e-06
241,1.977926331164781e-06
242,1.8483001440472435e-06
243,1.803027998903417e-06
244,1.6210354942813865e-06
245,1.5676405382691883e-06
246,1.4712502434122143e-06
247,1.3318275478013675e-06
248,1.260745648323791e-06
249,1.1836610838145134e-06
250,1.1253241609665565e-06
251,1.0708288300520508e-06
252,9.643038083595457e-07
253,9.409761787537718e-07
254,8.873546448739944e-07
255,8.002077720448142e-07
256,7.476979249076976e-07
257,7.259026233441546e-07
258,6.642853804805782e-07
259,6.330431006063009e-07
260,5.962520503999258e-07
261,5.540983920582221e-07
262,5.273591909826791e-07
263,4.838130962525611e-07
264,4.4719811853610736e-07
265,4.3274525296510546e-07
266,3.963633616876905e-07
267,3.882362875629042e-07
268,3.5114612728648353e-07
269,3.273916604484839e-07
270,3.1892093943497457e-07
271,2.8654071115852275e-07
272,2.6614495141075167e-07
273,2.615945504658157e-07
274,2.3630745715763624e-07
275,2.2528521981257654e-07
276,2.166102319733909e-07
277,1.969418121916533e-07
278,1.8956873759634618e-07
279,1.7561958998157934e-07
280,1.6288430515487562e-07
281,1.5627988148025906e-07
282,1.4398040093510645e-07
283,1.34189534151119e-07
284,1.310889814476468e-07
285,1.1730254811936902e-07
286,1.1200607730188494e-07
287,1.0829658947386633e-07
288,9.624990582324244e-08
289,9.235861853085225e-08
290,8.774979676218209e-08
291,7.876429464204193e-08
292,7.757346054404479e-08
293,7.134725876767334e-08
294,6.607456271012779e-08
295,6.439891819809418e-08
296,5.772105282630946e-08
297,5.596972130206268e-08
298,5.2148585893974087e-08
299,4.724247304466189e-08
300,4.695604616244964e-08
301,4.238903983377895e-08
302,3.876245813216883e-08
303,3.7314411116540214e-08
304,3.49009745548301e-08
305,3.295715345075223e-08
306,3.111347268713871e-08
307,2.903023954559103e-08
308,2.749145444624901e-08
309,2.5287565819098745e-08
310,2.372089369373498e-08
311,2.2025517409929307e-08
312,2.0877230610949482e-08
313,1.9843447773837397e-08
314,1.8782474242584613e-08
315,1.7171563726492423e-08
316,1.6387970092068826e-08
317,1.5562665822699273e-08
318,1.393707371732944e-08
319,1.3257468900462754e-08
320,1.2574206564863744e-08
321,1.1672022459663367e-08
322,1.1386031673055186e-08
323,1.025465845572171e-08
324,9.959848057405907e-09
325,9.302007164535553e-09
326,8.324150257976726e-09
327,8.008717244933905e-09
328,7.503855314894281e-09
329,6.977604272151439e-09
330,6.855520595649978e-09
331,6.086571247010397e-09
332,5.90020521329393e-09
333,5.58903456848725e-09
334,5.0532023010418925e-09
335,4.761781191575665e-09
336,4.588634361368804e-09
337,4.3299852592326715e-09
338,3.9065057855225405e-09
339,3.6763085908830817e-09
340,3.540730375561907e-09
341,3.3351414963078696e-09
342,3.0143865181742058e-09
343,2.900749862533303e-09
344,2.7510220768078852e-09
345,2.5210860066238183e-09
346,2.3215969147116766e-09
347,2.2896484708212483e-09
348,2.1120740711921826e-09
349,1.9387891292410586e-09
350,1.8599310980249584e-09
351,1.7216360559402233e-09
352,1.6171499694905833e-09
353,1.53137802438863e-09
354,1.4176649854036327e-09
355,1.3501619822164912e-09
356,1.25750476698272e-09
357,1.167491880949001e-09
358,1.1116292331081468e-09
359,1.029787144446459e-09
360,9.60678647743407e-10
361,9.192675509694936e-10
362,8.403935325418388e-10
363,7.967735360381312e-10
364,7.66930519091602e-10
365,6.935051422019001e-10
366,6.647338790521928e-10
367,6.200870372730094e-10
368,5.779143830153544e-10
369,5.524625201758226e-10
370,5.015884374515167e-10
371,4.819316612447722e-10
372,4.537462627851596e-10
373,4.067880754465847e-10
374,3.92866184029117e-10
375,3.776661761101252e-10
376,3.3947844535475724e-10
377,3.328371467326008e-10
378,3.0415647778170296e-10
379,2.877285076863245e-10
380,2.7042404426858013e-10
381,2.4605406601097e-10
382,2.3785723390901126e-10
383,2.2231705365527432e-10
384,2.059900028328343e-10
385,1.9401205642033403e-10
386,1.8130930090620723e-10
387,1.7048656930640504e-10
388,1.640855784579287e-10
389,1.4917542201509093e-10
390,1.4061643516249944e-10
391,1.323139514619598e-10
392,1.215515882391216e-10
393,1.1290642032424358e-10
394,1.110465330800281e-10
395,1.0222800383985486e-10
396,9.638022324676143e-11
397,8.894734254694114e-11
398,8.577000915055422e-11
399,7.977190435992654e-11
400,7.232887205832483e-11
401,6.869822072319565e-11
402,6.598947083213957e-11
403,5.975150929593553e-11
404,5.894854049337539e-11
405,5.3143982270409396e-11
406,5.0665038137109875e-11
407,4.720171822847341e-11
408,4.3616318889938555e-11
409,4.1135705952655144e-11
410,3.916355434396834e-11
411,3.611208554410439e-11
412,3.51339304871523e-11
413,3.2032362873302134e-11
414,3.0449476273730625e-11
415,2.837399412647379e-11
416,2.664912041039358e-11
417,2.431800594226985e-11
418,2.34157554457326e-11
419,2.1520001058927818e-11
420,1.9955157318229944e-11
421,1.926618760361709e-11
422,1.7579656480526396e-11
423,1.6878000733133725e-11
424,1.6097253738300843e-11
425,1.454795311994772e-11
426,1.4136579927492843e-11
427,1.2988788863910194e-11
428,1.229362792121158e-11
429,1.1760609847089043e-11
430,1.0555690869995527e-11
431,1.0150036193479206e-11
432,9.84424521066618e-12
433,8.883980356921839e-12
434,8.683603315573496e-12
435,7.956703004796672e-12
436,7.480834528228453e-12
437,7.037434437279222e-12
438,6.531899153505716e-12
439,5.8492616132610475e-12
440,5.982866979614698e-12
441,5.5519009528604e-12
442,5.0740167276130954e-12
443,4.874339647187309e-12
444,4.571776117401338e-12
445,4.3807370925241784e-12
446,3.943904230974127e-12
447,3.645799807883154e-12
448,3.482105229157817e-12
449,3.3143774183508334e-12
450,2.9566167222827566e-12
451,2.7561535952819183e-12
452,2.667131706463044e-12
453,2.4744243112828634e-12
454,2.267790556037541e-12
455,2.1048308495447143e-12
456,1.925049746345775e-12
457,1.8326759380904445e-12
458,1.6992747270058728e-12
459,1.546159793079649e-12
460,1.5017019745766635e-12
461,1.4056113044336183e-12
462,1.3252388552861816e-12
463,1.25832569190798e-12
464,1.1027173098254739e-12
465,1.1288516779325852e-12
466,1.0502612234758457e-12
467,9.52694195234527e-13
468,9.247620030850001e-13
469,8.894938821960019e-13
470,8.726426699301459e-13
471,7.830799268575273e-13
472,7.812544556597134e-13
473,7.087529348137611e-13
474,7.106463854877898e-13
475,6.394865106201797e-13
476,6.294955333906171e-13
477,6.088648465615853e-13
478,5.577198858991439e-13
479,5.489819211203228e-13
480,5.757615521503889e-13
481,5.439690581657275e-13
482,5.047271194741354e-13
483,5.01991894233389e-13
484,4.912250619291958e-13
485,4.967214790527197e-13
486,4.882915903212104e-13
487,4.744656273772407e-13
488,4.704307147822273e-13
489,4.637498609953716e-13
490,4.861118018534283e-13
491,4.79719020583802e-13
492,4.784312594534323e-13
493,4.702941595186028e-13
494,4.68258027838675e-13
495,4.687307399858787e-13
496,4.59953039197436e-13
497,4.652314774741817e-13
498,4.643919255219175e-13
499,4.283588457901222e-13
500,4.1332280480144146e-13
501,4.0657353785750194e-13
502,4.62573772688768e-13
503,4.4750130250709175e-13
504,4.414076526168542e-13
505,4.4116099662261377e-13
506,4.3323507216593005e-13
507,4.3182373909295135e-13
508,4.30486592553625e-13
509,4.24096006793398e-13
510,4.299991894669841e-13
511,4.2352558092539905e-13
512,3.975316712097332e-13
513,3.9302532040506877e-13
514,4.0038149662011135e-13
515,3.941944427127142e-13
516,3.89288400777163e-13
517,3.8517908480806273e-13
518,4.2631482653938957e-13
519,4.299052975588469e-13
520,4.271329383936928e-13
521,3.935930357676365e-13
522,4.235228433149135e-13
523,4.2303359708457944e-13
524,3.9399665713139853e-13
525,4.24435280758223e-13
526,4.182789639824158e-13
527,4.09980588974429e-13
528,4.064988905379263e-13
529,4.1569886096749775e-13
530,4.128530742102121e-13
531,4.116573889493408e-13
532,4.0863449776717964e-13
533,4.161623845012896e-13
534,4.1434046406559066e-13
535,4.128681988305183e-13
536,4.100922075880864e-13
537,4.1018718369839613e-13
538,4.172377775311237e-13
539,4.1490747469674627e-13
540,4.096044521357395e-13
541,4.1201151648392886e-13
542,4.1237954891137907e-13
543,4.135766165300203e-13
544,4.12741564016772e-13
545,4.1262409071138317e-13
546,3.7305580716587294e-13
547,3.609641611220654e-13
548,3.6340098681988953e-13
549,3.581970603374479e-13
550,3.89394950745664e-13
551,3.484877859373514e-13
552,3.6909909265255003e-13
553,3.701867913770418e-13
554,3.67106356164576e-13
555,3.7395558654881866e-13
556,3.7280839223011175e-13
557,3.7474434362930187e-13
558,3.692028508004569e-13
559,3.696598149111052e-13
560,3.6919626427225904e-13
561,3.693942937990635e-13
562,3.7141695426699817e-13
563,3.7056010929008287e-13
564,3.71074888481579e-13
565,3.724878478578164e-13
566,3.673542318862605e-13
567,3.682030537670994e-13
568,3.681633448625321e-13
569,3.6767038523975726e-13
570,3.6404999024033935e-13
571,3.712754387784345e-13
572,3.7104060058787414e-13
573,3.6559354176825265e-13
574,3.683364377393694e-13
575,3.6808040339633696e-13
576,3.697039419395254e-13
577,3.6402049994124774e-13
578,3.64659122125896e-13
579,3.657370630308354e-13
580,3.71748394871127e-13
581,3.666110655071303e-13
582,3.6676101066758504e-13
583,3.7087563922733047e-13
584,3.653131941915022e-13
585,3.6569244811143764e-13
586,3.6599328710924806e-13
587,3.672463537700982e-13
588,3.620449209526533e-13
589,3.691272005938717e-13
590,3.6890190338242923e-13
591,3.6821820549245987e-13
592,3.639320019389186e-13
593,3.6796043642595144e-13
594,3.684500621270459e-13
595,3.632660578595237e-13
596,3.6403475719981593e-13
597,3.6475385429071694e-13
598,3.649965529470278e-13
599,3.6755429429213837e-13
600,3.674846614076105e-13
601,3.678714234275904e-13
602,3.629837587188628e-13
603,3.672609091842638e-13
604,3.673508979645801e-13
605,3.668478281565468e-13
606,3.631438953797389e-13
607,3.639783786868467e-13
608,3.6503843025594007e-13
609,3.6122347517666964e-13
610,3.681392484692486e-13
611,3.680791294587843e-13
612,3.6743874544560573e-13
613,3.6366946238285125e-13
614,3.668875641661684e-13
615,3.6726443284132437e-13
616,3.626428042406704e-13
617,3.635483298951303e-13
618,3.6432559443258516e-13
619,3.644648059915323e-13
620,3.616505424124117e-13
621,3.6843900326488654e-13
622,3.686793979915809e-13
623,3.6363146109670563e-13
624,3.6440238305145145e-13
625,3.676046012729417e-13
626,3.670023540711803e-13
627,3.6323111944451536e-13
628,3.64013750782724e-13
629,3.6500869601135966e-13
630,3.6086352005540445e-13
631,3.68145970522718e-13
632,3.6804912416366076e-13
633,3.673406522540501e-13
634,3.634902166586851e-13
635,3.6429268889665023e-13
636,3.6772977241375515e-13
637,3.6296066521258885e-13
638,3.6378289703514755e-13
639,3.644935915592118e-13
640,3.6453945331110793e-13
641,3.6143269909090503e-13
642,3.685299949322124e-13
643,3.6867956062190677e-13
644,3.6364376679136334e-13
645,3.643346475207254e-13
646,3.6498839432567987e-13
647,3.6749282002895844e-13
648,3.6360183527234247e-13
649,3.6429737807104623e-13
650,3.651874538445482e-13
651,3.6098858277600065e-13
652,3.6236264639930016e-13
653,3.6944774496616706e-13
654,3.6848987945183043e-13
655,3.6434321271788805e-13
656,3.6489610161574704e-13
657,3.656988720093096e-13
658,3.639350919151102e-13
659,3.645690791354711e-13
660,3.651347345139111e-13
661,3.6501932119265e-13
662,3.6166837753814907e-13
663,3.629629691422054e-13
664,3.7035308088524677e-13
665,3.648356844496853e-13
666,3.652997771896177e-13
667,3.657289857246504e-13
668,3.654751197859629e-13
669,3.622450375686398e-13
670,3.6555182708966627e-13
671,3.662798959535446e-13
672,3.617740330398578e-13
673,3.6284522478627346e-13
674,3.6395818542138414e-13
675,3.7033722442847417e-13
676,3.657077895721783e-13
677,3.6600307203385474e-13
678,3.666052379204532e-13
679,3.620483361894966e-13
680,3.655938941339587e-13
681,3.659803851033955e-13
682,3.656713874842371e-13
683,3.621673002728726e-13
684,3.631503734877195e-13
685,3.646347275770151e-13
686,3.6636508713924765e-13
687,3.6654460391395693e-13
688,3.667613901383454e-13
689,3.6628783773445805e-13
690,3.6267373110764056e-13
691,3.660961236853083e-13
692,3.666700190002592e-13
693,3.6208479248754644e-13
694,3.630739914446679e-13
695,3.6398103498216927e-13
696,3.6434383613413723e-13
697,3.670230894377291e-13
698,3.6707052328277534e-13
699,3.6750021970878566e-13
700,3.626966348785343e-13
701,3.635790941317746e-13
702,3.669697466908428e-13
703,3.664431225906123e-13
704,3.6276236463524125e-13
705,3.63617773044278e-13
706,3.647595192470682e-13
707,3.6078290962388015e-13
708,3.678574372195653e-13
709,3.6786125903222333e-13
710,3.6717590773394093e-13
711,3.633120009265828e-13
712,3.640689095682492e-13
713,3.677258692859342e-13
714,3.628502663263755e-13
715,3.636883546057068e-13
716,3.6447358802912944e-13
717,3.645224042319456e-13
718,3.615274854658346e-13
719,3.68440521147928e-13
720,3.687198658376689e-13
721,3.635668426472255e-13
722,3.6426818592755206e-13
723,3.6494285783443547e-13
724,3.650822862338171e-13
725,3.640326430055796e-13
726,3.6465543583850957e-13
727,3.6566279518202016e-13
728,3.612075374047341e-13
729,3.626354316658975e-13
730,3.6966366382881755e-13
731,3.686792082562007e-13
732,3.644214921147415e-13
733,3.6495779271936146e-13
734,3.6585594579904845e-13
735,3.615612854685618e-13
736,3.6501005126407526e-13
737,3.6558375684364597e-13
738,3.6542424359901904e-13
739,3.6189549078823047e-13
740,3.631997588966762e-13
741,3.706793715290563e-13
742,3.6494323730519584e-13
743,3.653864320482536e-13
744,3.658678449178915e-13
745,3.6560229670079547e-13
746,3.6224804622966844e-13
747,3.6557725163061106e-13
748,3.6644076445088714e-13
749,3.617694251806247e-13
750,3.6283779800139193e-13
751,3.6409221991495766e-13
752,3.7037758385434494e-13
753,3.656737727290166e-13
754,3.659710609647121e-13
755,3.667068276640151e-13
756,3.6199369240000334e-13
757,3.6317769538246614e-13
758,3.6653747528467284e-13
759,3.661640218463602e-13
760,3.624606040655842e-13
761,3.6339076821441385e-13
762,3.650186706713465e-13
763,3.665119423235108e-13
764,3.66661318277825e-13
765,3.669209846981353e-13
766,3.664255043053094e-13
767,3.6268020921562116e-13
768,3.6373015059945613e-13
769,3.674119114418367e-13
770,3.62486028606529e-13
771,3.634026673332569e-13
772,3.6432285682209964e-13
773,3.64640799109181e-13
774,3.6719333628386364e-13
775,3.6720453067129455e-13
776,3.67744436248138e-13
777,3.6275718756986763e-13
778,3.6360644313157553e-13
779,3.646158082491052e-13
780,3.670893884005766e-13
781,3.631715696401916e-13
782,3.6395111100220867e-13
783,3.651920888088356e-13
784,3.609627516592412e-13
785,3.6802920194874134e-13
786,3.6806183643413315e-13
787,3.6733653228579466e-13
788,3.633723638825359e-13
789,3.6410064958684873e-13
790,3.6539299147139714e-13
791,3.6336079002434463e-13
792,3.6410536586629905e-13
793,3.648868316871723e-13
794,3.6487046023436775e-13
795,3.617028009571255e-13
796,3.6862009213274594e-13
797,3.6742698185203426e-13
798,3.639250088349061e-13
799,3.645574510671712e-13
800,3.6524499787485287e-13
801,3.652203051703745e-13
802,3.6418510893608536e-13
803,3.647725567781923e-13
804,3.6587784668293266e-13
805,3.612540225728794e-13
806,3.6268237761996613e-13
807,3.697450332018626e-13
808,3.687303554936877e-13
809,3.6440680117530433e-13
810,3.6493578341526e-13
811,3.659308641691672e-13
812,3.6142985306020226e-13
813,3.6498259384405707e-13
814,3.656086392835045e-13
815,3.6542451464956216e-13
816,3.618484635189989e-13
817,3.632021983515643e-13
818,3.6910066474570014e-13
819,3.6516436033827426e-13
820,3.6556318410742306e-13
821,3.6607430411658703e-13
822,3.6576216231112846e-13
823,3.6222709402268516e-13
824,3.656478874021485e-13
825,3.666061865973541e-13
826,3.617903502825537e-13
827,3.6284763713610724e-13
828,3.6419874277840436e-13
829,3.704046889086571e-13
830,3.656498931761676e-13
831,3.659435764396396e-13
832,3.6677282847126513e-13
833,3.619511374647333e-13
834,3.630585686687643e-13
835,3.6656788715561106e-13
836,3.6616526867885857e-13
837,3.6242135594694025e-13
838,3.6335992266260664e-13
839,3.635558922052834e-13
840,3.666872578148017e-13
841,3.668033758674749e-13
842,3.671034288187103e-13
843,3.665668029534386e-13
844,3.6273829534701207e-13
845,3.636938840367865e-13
846,3.659953470933758e-13
847,3.627872199700455e-13
848,3.636507870004302e-13
849,3.6460138836021116e-13
850,3.6493404869178403e-13
851,3.6731219194702236e-13
852,3.6732978312727094e-13
853,3.663529711799701e-13
854,3.630728530323868e-13
855,3.638661095518858e-13
856,3.6481039543401206e-13
857,3.6735298505376213e-13
858,3.6331262434283196e-13
859,3.6408953651458076e-13
860,3.6382645485742715e-13
861,3.613178549757845e-13
862,3.683178436721113e-13
863,3.6837712242589193e-13
864,3.675943555624117e-13
865,3.6350694047719567e-13
866,3.6422592914787943e-13
867,3.6394970153938444e-13
868,3.6368352990603925e-13
869,3.643707514530692e-13
870,3.6518712858389646e-13
871,3.651188780571385e-13
872,3.618794445960777e-13
873,3.687989041760431e-13
874,3.6756584104527534e-13
875,3.6396978638462973e-13
876,3.645894079262052e-13
877,3.6534076003173765e-13
878,3.6522957509894927e-13
879,3.6418979811048136e-13
880,3.648187980008488e-13
881,3.643891015748385e-13
882,3.615049611657012e-13
883,3.629248594358425e-13
884,3.7000469962217286e-13
885,3.689400130887921e-13
886,3.645014520249623e-13
887,3.650503835848917e-13
888,3.645273102467761e-13
889,3.616533071279515e-13
890,3.6525117782723604e-13
891,3.659145469264713e-13
892,3.65676672969828e-13
893,3.619710325745984e-13
894,3.634344073518564e-13
895,3.6924052682595077e-13
896,3.652061834370779e-13
897,3.6559202388521117e-13
898,3.6617036442906925e-13
899,3.658269704959888e-13
900,3.621633158298887e-13
901,3.6571811659787123e-13
902,3.650929656252161e-13
903,3.6203841573961837e-13
904,3.6304997636654734e-13
905,3.644900136920426e-13
906,3.706139670330011e-13
907,3.657406408980046e-13
908,3.660849021928231e-13
909,3.653391066234246e-13
910,3.622467993971701e-13
911,3.6323111944451536e-13
912,3.6687493321085896e-13
913,3.664187551467857e-13
914,3.6254126870721715e-13
915,3.6353884312612106e-13
916,3.6375140096203684e-13
917,3.667247712099697e-13
918,3.6682820409722483e-13
919,3.6719840492902e-13
920,3.666311232473213e-13
921,3.627229809913257e-13
922,3.646635131446946e-13
923,3.669096547854328e-13
924,3.63541878892204e-13
925,3.6434413428973467e-13
926,3.6531622995758517e-13
927,3.656329254121682e-13
928,3.678231764309148e-13
929,3.6788278044534717e-13
930,3.6684788236665544e-13
931,3.6348831930488323e-13
932,3.642643099047854e-13
933,3.652011147919215e-13
934,3.653813091929886e-13
935,3.6412770043105225e-13
936,3.649069978475805e-13
937,3.64563251548794e-13
938,3.6178799214282853e-13
939,3.6884102543044417e-13
940,3.689391457270541e-13
941,3.681072916102146e-13
942,3.638852999303388e-13
943,3.646609110594806e-13
944,3.642888670839922e-13
945,3.615947873156916e-13
946,3.6509938952308807e-13
947,3.659308912742215e-13
948,3.6580319936335703e-13
949,3.621557806247899e-13
950,3.6935911143856637e-13
951,3.6808620387795976e-13
952,3.64318113437595e-13
953,3.6490778389415557e-13
954,3.6572573311813295e-13
955,3.6555892861389605e-13
956,3.6200624204014986e-13
957,3.655969841101503e-13
958,3.651117494278544e-13
959,3.6197810699377386e-13
960,3.6305130451420864e-13
961,3.705398618145117e-13
962,3.651155441354581e-13
963,3.655601483413401e-13
964,3.660795353920693e-13
965,3.6547671898416734e-13
966,3.622511091008057e-13
967,3.633252552981414e-13
968,3.6704905607976013e-13
969,3.6671861836264086e-13
970,3.6264670736849136e-13
971,3.637810267864e-13
972,3.6420833796763086e-13
973,3.668240841289694e-13
974,3.6696286200704753e-13
975,3.6588448742123914e-13
976,3.6730574094409607e-13
977,3.630809574436261e-13
978,3.641410361177738e-13
979,3.665920919691118e-13
980,3.630201337017497e-13
981,3.638929164506005e-13
982,3.634754986141936e-13
983,3.6130525112552936e-13
984,3.6832529756204713e-13
985,3.684442887504774e-13
986,3.6748658586646665e-13
987,3.6365989429867907e-13
988,3.644170468858343e-13
989,3.6389278092532895e-13
990,3.614989709486982e-13
991,3.6505688879792664e-13
992,3.658464048199306e-13
993,3.6555155603912315e-13
994,3.621684928952623e-13
995,3.6933943316913576e-13
996,3.678960077118515e-13
997,3.643955254727105e-13
998,3.649842472523701e-13
999,3.6574451692077126e-13
1000,3.654056495317609e-13
1001,3.620605605689914e-13
1002,3.656436590136758e-13
1003,3.649861988162806e-13
1004,3.6209533635367386e-13
1005,3.6315942657585976e-13
1006,3.6479895710109234e-13
1007,3.7069384562805896e-13
1008,3.659103456430529e-13
1009,3.663336994863542e-13
1010,3.655268362295905e-13
1011,3.624851070346824e-13
1012,3.6345736533285877e-13
1013,3.671897042065858e-13
1014,3.6667039847101957e-13
1015,3.628069253445304e-13
1016,3.638694163685119e-13
1017,3.639844502190126e-13
1018,3.669768211100183e-13
1019,3.670840487048771e-13
1020,3.675210363904974e-13
1021,3.6689566857740774e-13
1022,3.629714801292594e-13
1023,3.6397162952832296e-13
1024,3.639040566279228e-13
1025,3.6347341152501156e-13
1026,3.642563952289263e-13
1027,3.653011595473876e-13
1028,3.6540131272307097e-13
1029,3.6772839005598523e-13
1030,3.678618824484725e-13
1031,3.6678944386955847e-13
1032,3.6335059852392326e-13
1033,3.641226859960045e-13
1034,3.6513928816303554e-13
1035,3.65200897951487e-13
1036,3.639902507006354e-13
1037,3.648490743465155e-13
1038,3.6447049805293785e-13
1039,3.615203839416048e-13
1040,3.6875385557577633e-13
1041,3.672984225794318e-13
1042,3.6832513493172125e-13
1043,3.639697592795754e-13
1044,3.6479724948267067e-13
1045,3.643636499288394e-13
1046,3.615020880299441e-13
1047,3.6510654525742647e-13
1048,3.643962844142312e-13
1049,3.661002978636724e-13
1050,3.62174456007211e-13
1051,3.638900162097891e-13
1052,3.6961186607002705e-13
1053,3.653619019741011e-13
1054,3.6579853729401535e-13
1055,3.6492114668593145e-13
1056,3.6650337712634817e-13
1057,3.6250440583335264e-13
1058,3.66253793786242e-13
1059,3.6562232733593214e-13
1060,3.6229247141368603e-13
1061,3.633661297200441e-13
1062,3.6328226668200236e-13
1063,3.6672330753703686e-13
1064,3.66880842112699e-13
1065,3.672910771097132e-13
1066,3.664818015031157e-13
1067,3.6291358373324867e-13
1068,3.6386732927932985e-13
1069,3.6356632765119357e-13
1070,3.635002726338349e-13
1071,3.6428780998687404e-13
1072,3.6527465080427035e-13
1073,3.6507496786915283e-13
1074,3.678129307203848e-13
1075,3.6788161492801175e-13
1076,3.6660778579555853e-13
1077,3.6345243221297396e-13
1078,3.6421676763952193e-13
1079,3.651671521588684e-13
1080,3.6498259384405707e-13
1081,3.641043900843438e-13
1082,3.64894014526565e-13
1083,3.643174358112372e-13
1084,3.616021598904645e-13
1085,3.6307632247933874e-13
1086,3.7023446916757685e-13
1087,3.6901319673543487e-13
1088,3.6468327272928813e-13
1089,3.653567520137818e-13
1090,3.646704791436528e-13
1091,3.6185280032768885e-13
1092,3.631153537575482e-13
1093,3.667868688893988e-13
1094,3.663249716588657e-13
1095,3.625404555555878e-13
1096,3.6390085823151397e-13
1097,3.6971749446668145e-13
1098,3.656403521970497e-13
1099,3.6599084765435996e-13
1100,3.666610743323362e-13
1101,3.6614396410616923e-13
1102,3.6241438994798203e-13
1103,3.6371505308420427e-13
1104,3.659123785221263e-13
1105,3.626981527615758e-13
1106,3.636489980668456e-13
1107,3.6327326780397073e-13
1108,3.713857563494849e-13
1109,3.6635082988067946e-13
1110,3.6676193223943165e-13
1111,3.6582444972593775e-13
1112,3.6264356318219115e-13
1113,3.635637797760882e-13
1114,3.632413109449367e-13
1115,3.675854108944887e-13
1116,3.6342112587524344e-13
1117,3.6445401817991607e-13
1118,3.641246917700236e-13
1119,3.616695159504302e-13
1120,3.6852053526825745e-13
1121,3.6707415536005317e-13
1122,3.681959522428696e-13
1123,3.6385971275906814e-13
1124,3.6480142366103474e-13
1125,3.643750340516505e-13
1126,3.639500268000362e-13
1127,3.6470522782328096e-13
1128,3.640333477369917e-13
1129,3.6583580674369454e-13
1130,3.6233272241933956e-13
1131,3.694232419970689e-13
1132,3.680907575270842e-13
1133,3.6423845168297164e-13
1134,3.649196830129986e-13
1135,3.6418155817397047e-13
1136,3.6589858204948145e-13
1137,3.621639663511922e-13
1138,3.6590777066289326e-13
1139,3.653299180100128e-13
1140,3.620536487801418e-13
1141,3.634485019800987e-13
1142,3.6905510114940143e-13
1143,3.6539347936237476e-13
1144,3.6579230313152356e-13
1145,3.6644325811588385e-13
1146,3.657435140337617e-13
1147,3.623554093497988e-13
1148,3.6354242099329026e-13
1149,3.656343348749924e-13
1150,3.627256372866483e-13
1151,3.636615748120464e-13
1152,3.6482714635757696e-13
1153,3.651410228865115e-13
1154,3.6739613630022705e-13
1155,3.6761769301417446e-13
1156,3.6638742170400085e-13
1157,3.632637810349615e-13
1158,3.6407942632932233e-13
1159,3.6514514285476696e-13
1160,3.65056834587818e-13
1161,3.640431326615984e-13
1162,3.6493784339938773e-13
1163,3.6437048040252606e-13
1164,3.6185163481035343e-13
1165,3.688461753907635e-13
1166,3.673846437571987e-13
1167,3.682459068579669e-13
1168,3.6409259938571803e-13
1169,3.649449449236175e-13
1170,3.6432261287661083e-13
1171,3.6165387633409207e-13
1172,3.6526733243960607e-13
1173,3.645317825807376e-13
1174,3.6607571357941127e-13
1175,3.6248071601588383e-13
1176,3.697379316776328e-13
1177,3.682015629891122e-13
1178,3.645036475343616e-13
1179,3.6509331799092215e-13
1180,3.6437088697834075e-13
1181,3.658538316048121e-13
1182,3.622346021227296e-13
1183,3.660009849446727e-13
1184,3.6525025625538943e-13
1185,3.621780067693259e-13
1186,3.6334078649426227e-13
1187,3.690753757300269e-13
1188,3.6976034755754894e-13
1189,3.651338400471188e-13
1190,3.658146919063854e-13
1191,3.650182098854232e-13
1192,3.6201716537703765e-13
1193,3.631514847949463e-13
1194,3.653241446334443e-13
1195,3.667468618292341e-13
1196,3.627689240583848e-13
1197,3.6399596986709526e-13
1198,3.642202370864739e-13
1199,3.6689520779148443e-13
1200,3.6713172649541215e-13
1201,3.659246300066754e-13
1202,3.6722553708838646e-13
1203,3.6312055792797615e-13
1204,3.642609217729964e-13
1205,3.640835462975778e-13
1206,3.6353122660585935e-13
1207,3.64444287465418e-13
1208,3.637765002423299e-13
1209,3.6592221765684163e-13
1210,3.6794420049841847e-13
1211,3.682088813537765e-13
1212,3.670288899193519e-13
1213,3.6343627760060393e-13
1214,3.643171918657484e-13
1215,3.6365382276651315e-13
1216,3.6559020784657226e-13
1217,3.6422956122515726e-13
1218,3.6521832650140973e-13
1219,3.647246892522771e-13
1220,3.617336465089327e-13
1221,3.6899010322916093e-13
1222,3.6733338809949445e-13
1223,3.684466739952569e-13
1224,3.639726595203868e-13
1225,3.649581450850675e-13
1226,3.644326865021724e-13
1227,3.6145110342278297e-13
1228,3.6523781503546016e-13
1229,3.6435570814792595e-13
1230,3.617749275066501e-13
1231,3.6289856753315974e-13
1232,3.63102831222456e-13
1233,3.7053574184625626e-13
1234,3.6593501124247696e-13
1235,3.664565395924968e-13
1236,3.6537109058751294e-13
1237,3.625087426420426e-13
1238,3.635007876298668e-13
1239,3.632499574572623e-13
1240,3.6737063044411933e-13
1241,3.634500740732488e-13
1242,3.645339780901369e-13
1243,3.6423864141835183e-13
1244,3.673803882636717e-13
1245,3.67496343686019e-13
1246,3.6626821367513607e-13
1247,3.6727982851217367e-13
1248,3.6338250117284865e-13
1249,3.644319275606517e-13
1250,3.6394303369602365e-13
1251,3.6373372846662533e-13
1252,3.645628720780336e-13
1253,3.6392557804104664e-13
1254,3.656206739276191e-13
1255,3.6811005632575444e-13
1256,3.682950754264891e-13
1257,3.6690680875473003e-13
1258,3.635646200327719e-13
1259,3.6437091408339506e-13
1260,3.637524309541007e-13
1261,3.653499757502038e-13
1262,3.643421827258242e-13
1263,3.6525795409081407e-13
1264,3.645672630968322e-13
1265,3.616836376837268e-13
1266,3.633524687726708e-13
1267,3.6866565572904464e-13
1268,3.6942898826858306e-13
1269,3.648906534998303e-13
1270,3.6569532124719473e-13
1271,3.648902469240156e-13
1272,3.619183674540699e-13
1273,3.6325434847606086e-13
1274,3.6525456595902506e-13
1275,3.667350169204997e-13
1276,3.627488121080852e-13
1277,3.642974864912635e-13
1278,3.6994121958497383e-13
1279,3.6571437610037616e-13
1280,3.661957347599054e-13
1281,3.6513394846733604e-13
1282,3.6653685186842366e-13
1283,3.6261586181668415e-13
1284,3.639965119681815e-13
1285,3.6613618495558165e-13
1286,3.6277708267973274e-13
1287,3.638768160483391e-13
1288,3.6336973469226763e-13
1289,3.7147495908322614e-13
1290,3.663338892217344e-13
1291,3.6690464035038506e-13
1292,3.6585819551855636e-13
1293,3.625869949338417e-13
1294,3.636714139467617e-13
1295,3.6313373098437185e-13
1296,3.6759893631659046e-13
1297,3.6335165562104144e-13
1298,3.6454999717723535e-13
1299,3.641897167953184e-13
1300,3.6723708384152343e-13
1301,3.6747357544039683e-13
1302,3.660907026744459e-13
1303,3.673301897030856e-13
1304,3.631733585737762e-13
1305,3.643517779150507e-13
1306,3.6390327058134775e-13
1307,3.6351206333246067e-13
1308,3.644723954067397e-13
1309,3.6370201555308013e-13
1310,3.6557608611327563e-13
1311,3.6223446659745806e-13
1312,3.6768133568169936e-13
1313,3.682131097422492e-13
1314,3.642770221752578e-13
1315,3.65104593693516e-13
1316,3.6418258816603433e-13
1317,3.659457719490389e-13
1318,3.621885506354533e-13
1319,3.644180768778982e-13
1320,3.656461797837268e-13
1321,3.6223641816136853e-13
1322,3.638035781915877e-13
1323,3.6922309827602806e-13
1324,3.6546826220722195e-13
1325,3.659304033832439e-13
1326,3.6499283955458706e-13
1327,3.661068301817616e-13
1328,3.625751500251073e-13
1329,3.6387429527828807e-13
1330,3.658306296783209e-13
1331,3.628234323226065e-13
1332,3.6386526929520213e-13
1333,3.633562092701659e-13
1334,3.712481981988508e-13
1335,3.66433283455897e-13
1336,3.669393890300132e-13
1337,3.656666983098411e-13
1338,3.627078021609109e-13
1339,3.637242959077247e-13
1340,3.6320902882525097e-13
1341,3.6503279240464315e-13
1342,3.639815228731469e-13
1343,3.6504490836392067e-13
1344,3.643403666871853e-13
1345,3.619404851783886e-13
1346,3.689349173385814e-13
1347,3.673118395813163e-13
1348,3.6821216106534826e-13
1349,3.640382266467679e-13
1350,3.650563466968404e-13
1351,3.6429832674794715e-13
1352,3.616177181916397e-13
1353,3.6537965578467557e-13
1354,3.6447835851868837e-13
1355,3.6606140211073446e-13
1356,3.6256964769908195e-13
1357,3.682157931426261e-13
1358,3.6847204432609304e-13
1359,3.6467077729925024e-13
1360,3.6539835827215095e-13
1361,3.644686278041903e-13
1362,3.6597791854345307e-13
1363,3.6229537165449743e-13
1364,3.6621319041488243e-13
1365,3.6531259788030734e-13
1366,3.621909629852871e-13
1367,3.636195890829169e-13
1368,3.6904935487788726e-13
1369,3.6976926512041763e-13
1370,3.651076836697076e-13
1371,3.6594859087468734e-13
1372,3.6501314124026685e-13
1373,3.6197984171724984e-13
1374,3.63281887211242e-13
1375,3.652769818389412e-13
1376,3.667372395349533e-13
1377,3.6276038596627647e-13
1378,3.6261141658777696e-13
1379,3.7017085360510626e-13
1380,3.6586169207056263e-13
1381,3.6639498401415393e-13
1382,3.651993258583369e-13
1383,3.665817649434189e-13
1384,3.626525620602228e-13
1385,3.6241506757433983e-13
1386,3.664128191398913e-13
1387,3.629654628072021e-13
1388,3.6411693972449033e-13
1389,3.633777306832897e-13
1390,3.658274854920207e-13
1391,3.677283087408223e-13
1392,3.664101357395144e-13
1393,3.670994443757264e-13
1394,3.6347292363403394e-13
1395,3.6451489613190113e-13
1396,3.636724710438799e-13
1397,3.6567079117304224e-13
1398,3.643461671688081e-13
1399,3.6371253231415324e-13
1400,3.6505271461956257e-13
1401,3.620766880763071e-13
1402,3.69339541589353e-13
1403,3.6749862051058124e-13
1404,3.6421497870593733e-13
1405,3.6494906489187295e-13
1406,3.641742398093062e-13
1407,3.6542177703907663e-13
1408,3.6210940387686186e-13
1409,3.66026192645183e-13
1410,3.649306063498864e-13
1411,3.6216122874070666e-13
1412,3.634589916361175e-13
1413,3.690566190324429e-13
1414,3.695027411213664e-13
1415,3.651586140667601e-13
1416,3.6594062198871957e-13
1417,3.6479760184837673e-13
1418,3.6206449080186665e-13
1419,3.6327240044223275e-13
1420,3.6298362319359123e-13
1421,3.6709180075041037e-13
1422,3.632200063722474e-13
1423,3.644925344620936e-13
1424,3.6427512482145596e-13
1425,3.671999770221701e-13
1426,3.674978073589519e-13
1427,3.6613285103390125e-13
1428,3.6719452890625337e-13
1429,3.6329050661851325e-13
1430,3.6450917696544127e-13
1431,3.6393257114505917e-13
1432,3.636620355979697e-13
1433,3.6465719766703986e-13
1434,3.638638869374322e-13
1435,3.657595331208602e-13
1436,3.680978861563683e-13
1437,3.667602788311186e-13
1438,3.671782387686118e-13
1439,3.637305300702165e-13
1440,3.646713465053908e-13
1441,3.638540478027169e-13
1442,3.655018995796233e-13
1443,3.644516600401909e-13
1444,3.638546712189661e-13
1445,3.6494188205248024e-13
1446,3.619969721115751e-13
1447,3.6941578810713305e-13
1448,3.6758817561002854e-13
1449,3.6847158354016973e-13
1450,3.6419736042063444e-13
1451,3.6363278924436693e-13
1452,3.646664404905603e-13
1453,3.617312070540446e-13
1454,3.632930544936186e-13
1455,3.6510584052601436e-13
1456,3.666396884444839e-13
1457,3.627544499593821e-13
1458,3.628980254320735e-13
1459,3.701086204004056e-13
1460,3.6580796985291597e-13
1461,3.6644417968773046e-13
1462,3.6519404037274605e-13
1463,3.666429681560557e-13
1464,3.627573502001935e-13
1465,3.625464728776451e-13
1466,3.6648863197680237e-13
1467,3.6300140410922e-13
1468,3.6424311375231333e-13
1469,3.6369621507145733e-13
1470,3.6712191446575115e-13
1471,3.6737198569683494e-13
1472,3.660836282552704e-13
1473,3.6688450129503114e-13
1474,3.632839200903154e-13
1475,3.6444526324737325e-13
1476,3.635945711177868e-13
1477,3.681217928142716e-13
1478,3.638361313618166e-13
1479,3.632600405374664e-13
1480,3.6486506632855964e-13
1481,3.6763913311213536e-13
1482,3.6798816489651276e-13
1483,3.6635142619187433e-13
1484,3.6763555524496616e-13
1485,3.6347454993729267e-13
1486,3.6295288606200127e-13
1487,3.6436215915085224e-13
1488,3.6381639888227735e-13
1489,3.6490396208149756e-13
1490,3.6392340963670167e-13
1491,3.6148590631251976e-13
1492,3.6888813401483866e-13
1493,3.672279223331659e-13
1494,3.6787044764563515e-13
1495,3.639663169376778e-13
1496,3.649967697874623e-13
1497,3.63960516456055e-13
1498,3.6144654977365853e-13
1499,3.6294659768940085e-13
1500,3.64926838747337e-13
1501,3.662151419787929e-13
1502,3.6260735082963014e-13
1503,3.6277643215842925e-13
1504,3.6980748324699775e-13
1505,3.658147190114397e-13
1506,3.6639522795964274e-13
1507,3.652189228126046e-13
1508,3.664156380655398e-13
1509,3.627533386521553e-13
1510,3.625472318191658e-13
1511,3.663094133576905e-13
1512,3.630912302592104e-13
1513,3.6426590910298984e-13
1514,3.636802501944675e-13
1515,3.7148813213962184e-13
1516,3.66605481865942e-13
1517,3.6553477801050394e-13
1518,3.661162627406622e-13
1519,3.6295443105009706e-13
1520,3.641055284966249e-13
1521,3.6336217238211455e-13
1522,3.652705308360149e-13
1523,3.641894457447753e-13
1524,3.6360205211277696e-13
1525,3.647939155609903e-13
1526,3.679429536659201e-13
1527,3.681979038067801e-13
1528,3.6657769918527205e-13
1529,3.6759760816892917e-13
1530,3.636104004695051e-13
1531,3.631210729240081e-13
1532,3.6425547365707966e-13
1533,3.6156537833176294e-13
1534,3.654540591587624e-13
1535,3.643891286798928e-13
1536,3.6604394645575744e-13
1537,3.627816905389658e-13
1538,3.681159652275945e-13
1539,3.6844464111618347e-13
1540,3.6459135949011567e-13
1541,3.6548921441420523e-13
1542,3.6439343838352845e-13
1543,3.659732835791657e-13
1544,3.6241997358917033e-13
1545,3.64555960289184e-13
1546,3.6560809718241827e-13
1547,3.623486872963294e-13
1548,3.6399813827144023e-13
1549,3.6914286731526413e-13
1550,3.6554773422646514e-13
1551,3.6610696570703316e-13
1552,3.650395957732755e-13
1553,3.659886521449607e-13
1554,3.6262458964417266e-13
1555,3.6398640178292307e-13
1556,3.6571906527477216e-13
1557,3.67217595307473e-13
1558,3.6321678087078424e-13
1559,3.6286243649576166e-13
1560,3.7044770462985044e-13
1561,3.659964855056569e-13
1562,3.6510540684514536e-13
1563,3.655371903603377e-13
1564,3.6696085623302843e-13
1565,3.630346891159153e-13
1566,3.6257035243049407e-13
1567,3.6662524145053554e-13
1568,3.630701425269556e-13
1569,3.6276878853311323e-13
1570,3.637499643941583e-13
1571,3.67376159875199e-13
1572,3.676573477086331e-13
1573,3.6620882650113817e-13
1574,3.6698996706135967e-13
1575,3.6334024439317603e-13
1576,3.629674414761669e-13
1577,3.638506325658736e-13
1578,3.6150639773357973e-13
1579,3.653491625985744e-13
1580,3.6436749884655173e-13
1581,3.6576503544688554e-13
1582,3.6264985155479157e-13
1583,3.681673564105703e-13
1584,3.6823842586297673e-13
1585,3.6467085861441317e-13
1586,3.655098684655911e-13
1587,3.6447133830962153e-13
1588,3.657950949521177e-13
1589,3.62448081530492e-13
1590,3.646521832319921e-13
1591,3.65449857875344e-13
1592,3.624567551478719e-13
1593,3.639245751540371e-13
1594,3.6924966122925396e-13
1595,3.6977292430274977e-13
1596,3.6538139050815155e-13
1597,3.6452053398319806e-13
1598,3.652547014842966e-13
1599,3.623162696513721e-13
1600,3.6368461410821173e-13
1601,3.6551539789667076e-13
1602,3.6678006552076647e-13
1603,3.630619568005533e-13
1604,3.6271905075845046e-13
1605,3.7014759746850645e-13
1606,3.6599819312407855e-13
1607,3.6662372356749406e-13
1608,3.652903717357714e-13
1609,3.6649345667646993e-13
1610,3.628466342490977e-13
1611,3.624866791278325e-13
1612,3.663016071020486e-13
1613,3.6303168045488665e-13
1614,3.6428266002655474e-13
1615,3.634194724669304e-13
1616,3.656700051264672e-13
1617,3.678900445999028e-13
1618,3.6644911280761527e-13
1619,3.6697115615366704e-13
1620,3.635210893155466e-13
1621,3.646629168334997e-13
1622,3.637010668761792e-13
1623,3.655433703127209e-13
1624,3.6448898369997873e-13
1625,3.637376858045549e-13
1626,3.6491670145702426e-13
1627,3.6211590908989677e-13
1628,3.6783339503639045e-13
1629,3.6777238155913383e-13
1630,3.6872417554130454e-13
1631,3.6449613943431713e-13
1632,3.63720067519252e-13
1633,3.648296400225737e-13
1634,3.618769780361353e-13
1635,3.642618162397887e-13
1636,3.6489165638683985e-13
1637,3.66521510407683e-13
1638,3.6295239817102365e-13
1639,3.6840457984591013e-13
1640,3.687192153163654e-13
1641,3.647779235789461e-13
1642,3.640981288167977e-13
1643,3.647269931818936e-13
1644,3.66286618007014e-13
1645,3.6266204882923203e-13
1646,3.6470403520089123e-13
1647,3.6574717321609385e-13
1648,3.624855407155514e-13
1649,3.6232310012505875e-13
1650,3.694670979749459e-13
1651,3.657493145153845e-13
1652,3.663645721432157e-13
1653,3.6514270339987887e-13
1654,3.6608823611450347e-13
1655,3.6273824113690345e-13
1656,3.624471599586454e-13
1657,3.636179627796582e-13
1658,3.6356044585440783e-13
1659,3.6469891234562624e-13
1660,3.638066952728336e-13
1661,3.656311906886922e-13
1662,3.681889862439114e-13
1663,3.667421726548381e-13
1664,3.6698611814364734e-13
1665,3.637595866884391e-13
1666,3.648245713774173e-13
1667,3.6388454098881806e-13
1668,3.6538651336341654e-13
1669,3.6462079557909866e-13
1670,3.6389765983510514e-13
1671,3.648140546163442e-13
1672,3.621298410878132e-13
1673,3.6958375812870536e-13
1674,3.6762877898138813e-13
1675,3.6834549082750967e-13
1676,3.643765790397463e-13
1677,3.636829606998987e-13
1678,3.64552572157395e-13
1679,3.618108959137223e-13
1680,3.6583984539678704e-13
1681,3.646498793023756e-13
1682,3.6605890844573774e-13
1683,3.627080190013454e-13
1684,3.683076250666356e-13
1685,3.6839661095994236e-13
1686,3.6471701852190674e-13
1687,3.6561723158572146e-13
1688,3.6445423502035057e-13
1689,3.65804500405964e-13
1690,3.6239967190349054e-13
1691,3.6459661787065223e-13
1692,3.6542242756038013e-13
1693,3.623831107153058e-13
1694,3.622467993971701e-13
1695,3.694040516186159e-13
1696,3.699422495770377e-13
1697,3.655441292542416e-13
1698,3.645523011068519e-13
1699,3.653103210557451e-13
1700,3.6230409948198594e-13
1701,3.6372147698207624e-13
1702,3.630688685894029e-13
1703,3.6731777558821066e-13
1704,3.635049618082309e-13
1705,3.6291981789574046e-13
1706,3.6465050271862476e-13
1707,3.6748162564152753e-13
1708,3.662456893750027e-13
1709,3.6648028362007423e-13
1710,3.676192922123789e-13
1711,3.637292290276095e-13
1712,3.630757261681439e-13
1713,3.6440281673232044e-13
1714,3.640163799729923e-13
1715,3.6348124488570777e-13
1716,3.642691617095073e-13
1717,3.661995294675091e-13
1718,3.686365449007134e-13
1719,3.6693792535708036e-13
1720,3.674335412751778e-13
1721,3.6387177450823704e-13
1722,3.633439848906711e-13
1723,3.6412322809709075e-13
1724,3.6581577610855787e-13
1725,3.648731978448533e-13
1726,3.639413531826563e-13
1727,3.6510846971628264e-13
1728,3.62164210296681e-13
1729,3.6793034981566497e-13
1730,3.6783358477177064e-13
1731,3.6877917169650387e-13
1732,3.6458797135832666e-13
1733,3.636961066512401e-13
1734,3.6480551652423587e-13
1735,3.618394917460216e-13
1736,3.618551313623597e-13
1737,3.6531576917166186e-13
1738,3.6691439816993743e-13
1739,3.6314316354327247e-13
1740,3.6864044802853435e-13
1741,3.689335620858658e-13
1742,3.649929479748043e-13
1743,3.6417532401147867e-13
1744,3.647747522875916e-13
1745,3.663250258689743e-13
1746,3.626916475485409e-13
1747,3.6231640517664365e-13
1748,3.662753965145288e-13
1749,3.6293968590055126e-13
1750,3.6253145667755615e-13
1751,3.6393235430462467e-13
1752,3.6718154558523786e-13
1753,3.660704280938204e-13
1754,3.6634321336041775e-13
1755,3.671932549687007e-13
1756,3.6362349221073786e-13
1757,3.630551805369753e-13
1758,3.640487976179496e-13
1759,3.639960511822582e-13
1760,3.6352919372678594e-13
1761,3.6431887237911575e-13
1762,3.6584570008851847e-13
1763,3.6867484434245645e-13
1764,3.67032196735978e-13
1765,3.672348070169612e-13
1766,3.6392644540278463e-13
1767,3.634516190613446e-13
1768,3.642227036464163e-13
1769,3.656120003102392e-13
1770,3.6254771971014343e-13
1771,3.6449188394079013e-13
1772,3.6535078890183315e-13
1773,3.624409529012079e-13
1774,3.6256606983191275e-13
1775,3.6936399034834255e-13
1776,3.6993628646508903e-13
1777,3.656441740097077e-13
1778,3.645878900431637e-13
1779,3.653754273962029e-13
1780,3.6244930125793606e-13
1781,3.623268406225538e-13
1782,3.6579344154380466e-13
1783,3.6710006779197557e-13
1784,3.6344191545190085e-13
1785,3.630432001029693e-13
1786,3.7032597583093463e-13
1787,3.6621207910765563e-13
1788,3.651887277821009e-13
1789,3.6562208339044333e-13
1790,3.6686243778082106e-13
1791,3.632607181638242e-13
1792,3.627272364848527e-13
1793,3.6651871858708884e-13
1794,3.6328448929645596e-13
1795,3.6284899238882284e-13
1796,3.6383404427263455e-13
1797,3.718402539001908e-13
1798,3.670473755663928e-13
1799,3.656285072883153e-13
1800,3.662682407801904e-13
1801,3.6309619048414954e-13
1802,3.6267842028203656e-13
1803,3.636130567648277e-13
1804,3.6795336200677597e-13
1805,3.6406668695379563e-13
1806,3.6325033692802267e-13
1807,3.645570173863022e-13
1808,3.6785434724337374e-13
1809,3.664277811298716e-13
1810,3.666052650255075e-13
1811,3.676800617441467e-13
1812,3.6386220642406486e-13
1813,3.6307214830097467e-13
1814,3.6427973268068903e-13
1815,3.640808900022552e-13
1816,3.634259234698567e-13
1817,3.6419912224916473e-13
1818,3.6591064379865035e-13
1819,3.629290878243152e-13
1820,3.679408665767381e-13
1821,3.6832619202883943e-13
1822,3.646325320676158e-13
1823,3.6384258236474287e-13
1824,3.645205881933067e-13
1825,3.661332305046616e-13
1826,3.6278380473320215e-13
1827,3.6456720888672356e-13
1828,3.6566027441196913e-13
1829,3.625657716763153e-13
1830,3.6243854055137414e-13
1831,3.6939101408749175e-13
1832,3.657157584581461e-13
1833,3.648593471620998e-13
1834,3.6535677911883613e-13
1835,3.6632819716032883e-13
1836,3.630637457341379e-13
1837,3.6260241770974533e-13
1838,3.661514722062137e-13
1839,3.6321030276280364e-13
1840,3.628565004888673e-13
1841,3.6378175862286644e-13
1842,3.658172126764364e-13
1843,3.683164884193957e-13
1844,3.666977203657662e-13
1845,3.6698546762234385e-13
1846,3.638240696126477e-13
1847,3.633180724587487e-13
1848,3.6413461221990184e-13
1849,3.657261125888933e-13
1850,3.6496603265587235e-13
1851,3.640228309759186e-13
1852,3.6497112840608303e-13
1853,3.624937806520623e-13
1854,3.6802993378520776e-13
1855,3.679460165370574e-13
1856,3.686783137894084e-13
1857,3.6477637859085033e-13
1858,3.638472986441932e-13
1859,3.6474474699246806e-13
1860,3.621250977033086e-13
1861,3.643611291587884e-13
1862,3.6498267515922e-13
1863,3.664065036622366e-13
1864,3.631907329135903e-13
1865,3.6847746533695547e-13
1866,3.6859089998925176e-13
1867,3.649802357043319e-13
1868,3.6416318094714684e-13
1869,3.647881150793675e-13
1870,3.6615117405061626e-13
1871,3.6285500971088014e-13
1872,3.6476008845320873e-13
1873,3.656104282170891e-13
1874,3.626720505942732e-13
1875,3.623899682940468e-13
1876,3.694534370275726e-13
1877,3.700237815804086e-13
1878,3.6575034450744837e-13
1879,3.6455539108304347e-13
1880,3.653497589097693e-13
1881,3.6247223213388413e-13
1882,3.6214759489838766e-13
1883,3.657099850815776e-13
1884,3.6703303699266165e-13
1885,3.61879905382001e-13
1886,3.6298343345821105e-13
1887,3.7052460166893397e-13
1888,3.6640932258788506e-13
1889,3.6524266684018203e-13
1890,3.656458816281294e-13
1891,3.668792700195489e-13
1892,3.6332403557069737e-13
1893,3.6260832661158537e-13
1894,3.6648792724539025e-13
1895,3.6331351880962426e-13
1896,3.62775022695605e-13
1897,3.6368423463745136e-13
1898,3.6602055479388607e-13
1899,3.6666920584862983e-13
1900,3.6681974732027944e-13
1901,3.6736263445309725e-13
1902,3.639683769218055e-13
1903,3.63279718806897e-13
1904,3.640764718784023e-13
1905,3.6597672592106334e-13
1906,3.633691654861271e-13
1907,3.641619341146485e-13
1908,3.6535366203759023e-13
1909,3.6261000712495273e-13
1910,3.680371979397634e-13
1911,3.679283711467002e-13
1912,3.689715633720114e-13
1913,3.632160219292635e-13
1914,3.640067305736572e-13
1915,3.6513419241282485e-13
1916,3.622812499212008e-13
1917,3.6437178144513305e-13
1918,3.649703965696166e-13
1919,3.667283490771389e-13
1920,3.6158774000157046e-13
1921,3.6861391218036277e-13
1922,3.6895399929681716e-13
1923,3.651347074088568e-13
1924,3.641610938579648e-13
1925,3.64769141541349e-13
1926,3.664420112833855e-13
1927,3.612769263437732e-13
1928,3.649230440397333e-13
1929,3.6599304316375925e-13
1930,3.628464174086632e-13
1931,3.6243789003007065e-13
1932,3.6958261971642425e-13
1933,3.658909113191111e-13
1934,3.6492759768885774e-13
1935,3.653989003732372e-13
1936,3.6636549371506233e-13
1937,3.631246778962316e-13
1938,3.625421089639008e-13
1939,3.637589090620813e-13
1940,3.6375766222958295e-13
1941,3.632231234534933e-13
1942,3.6407392400329697e-13
1943,3.6593303257351217e-13
1944,3.6860157938065075e-13
1945,3.6685636624865514e-13
1946,3.671275523170481e-13
1947,3.639639316928983e-13
1948,3.6336306684890685e-13
1949,3.6415827493231634e-13
1950,3.656757785030357e-13
1951,3.6502940427285413e-13
1952,3.6400914292349096e-13
1953,3.6495107066589205e-13
1954,3.6243412242752127e-13
1955,3.6800464476953454e-13
1956,3.6791243337476465e-13
1957,3.686377104180488e-13
1958,3.6478383248078616e-13
1959,3.637928988001887e-13
1960,3.6468489903254686e-13
1961,3.620693426065885e-13
1962,3.6430838272309696e-13
1963,3.6492781452929224e-13
1964,3.663688276367427e-13
1965,3.6156356229312403e-13
1966,3.686474953426555e-13
1967,3.6874366407535497e-13
1968,3.6513484293412835e-13
1969,3.6423425039955326e-13
1970,3.6484053625440716e-13
1971,3.662026736538093e-13
1972,3.61325715441535e-13
1973,3.650255553551418e-13
1974,3.6585369607954055e-13
1975,3.628941765143612e-13
1976,3.6247735498914913e-13
1977,3.6957592476800916e-13
1978,3.7017903933150853e-13
1979,3.642830123922608e-13
1980,3.648683189350771e-13
1981,3.656343348749924e-13
1982,3.6272216783969635e-13
1983,3.6229699795775616e-13
1984,3.634405059890766e-13
1985,3.6778555461552953e-13
1986,3.6236259218919153e-13
1987,3.6336214527706023e-13
1988,3.6507786810996423e-13
1989,3.6801806177141905e-13
1990,3.664741578777997e-13
1991,3.666632969467898e-13
1992,3.6787554339584583e-13
1993,3.624435820914762e-13
1994,3.6339879131049024e-13
1995,3.647214366457596e-13
1996,3.644419835358015e-13
1997,3.636286963811658e-13
1998,3.6438473766109425e-13
1999,3.664770310135568e-13
2000,3.6718555713327605e-13
2001,3.6723562016859057e-13
2002,3.6772749558919293e-13
2003,3.642609217729964e-13
2004,3.6346980655278804e-13
2005,3.6422086050272307e-13
2006,3.660231026689914e-13
2007,3.63460943200028e-13
2008,3.642244925800009e-13
2009,3.653877330908606e-13
2010,3.62543599741888e-13
2011,3.680650619355963e-13
2012,3.679382644915241e-13
2013,3.6898191750275866e-13
2014,3.6319672313059326e-13
2015,3.6397813474135787e-13
2016,3.6508079545582994e-13
2017,3.6220500340342077e-13
2018,3.6197629095513495e-13
2019,3.654471202648585e-13
2020,3.627602775460592e-13
2021,3.6243767318963616e-13
2022,3.637589090620813e-13
2023,3.712193584210627e-13
2024,3.66858697283326e-13
2025,3.6548295314665913e-13
2026,3.6590131965996697e-13
2027,3.630918536754596e-13
2028,3.6267842028203656e-13
2029,3.6364981121847495e-13
2030,3.677387712917868e-13
2031,3.6417039089159386e-13
2032,3.6333354944476093e-13
2033,3.6454772035267313e-13
2034,3.679715223931651e-13
2035,3.6652026357518463e-13
2036,3.6670322269179156e-13
2037,3.6755559533474536e-13
2038,3.6402049994124774e-13
2039,3.6319496130206297e-13
2040,3.6417456506995793e-13
2041,3.64252464996051e-13
2042,3.635583316601715e-13
2043,3.64327925467256e-13
2044,3.658717209406581e-13
2045,3.6721656531540914e-13
2046,3.67264487051433e-13
2047,3.674734670201796e-13
2048,3.642300762211892e-13
2049,3.635259682253228e-13
2050,3.642711945885807e-13
2051,3.656854550074251e-13
2052,3.6115668832284453e-13
2053,3.6471972902733796e-13
2054,3.6558665708445737e-13
2055,3.627421171596701e-13
2056,3.6259957167904255e-13
2057,3.6943945081954754e-13
2058,3.7008997212303885e-13
2059,3.6423088937281856e-13
2060,3.648453067439661e-13
2061,3.656352022367304e-13
2062,3.6276521066594403e-13
2063,3.6242157278737475e-13
2064,3.6587226304174436e-13
2065,3.6726904070055744e-13
2066,3.6200599809466105e-13
2067,3.632327728528284e-13
2068,3.7062567641646393e-13
2069,3.6655598803676803e-13
2070,3.653165010081283e-13
2071,3.6571876711917473e-13
2072,3.6702368574892397e-13
2073,3.6185637819485805e-13
2074,3.629868758001087e-13
2075,3.668026440310085e-13
2076,3.636144391225976e-13
2077,3.6297269985670344e-13
2078,3.6388763096500965e-13
2079,3.720887530381245e-13
2080,3.655748392807773e-13
2081,3.659172032217939e-13
2082,3.6654482075439143e-13
2083,3.6341554223405514e-13
2084,3.6280318484703533e-13
2085,3.637048615837829e-13
2086,3.681577883263981e-13
2087,3.626046403241989e-13
2088,3.635353194690605e-13
2089,3.6479275004365486e-13
2090,3.625057068759596e-13
2091,3.6764135572658896e-13
2092,3.6761205516287754e-13
2093,3.6875125349056237e-13
2094,3.630250939266888e-13
2095,3.638603361753173e-13
2096,3.6502433562769776e-13
2097,3.6235595145088506e-13
2098,3.642930412623563e-13
2099,3.649194119624555e-13
2100,3.623962295615929e-13
2101,3.6235367462632284e-13
2102,3.6928533148072873e-13
2103,3.696196181155603e-13
2104,3.656850213265561e-13
2105,3.6455151506027683e-13
2106,3.651050544794393e-13
2107,3.6687601741303144e-13
2108,3.6156564938230606e-13
2109,3.6511470387877443e-13
2110,3.662151690838472e-13
2111,3.6305672552507107e-13
2112,3.6264039189083663e-13
2113,3.6972082838836184e-13
2114,3.660358149394638e-13
2115,3.649911319361654e-13
2116,3.6545779965625746e-13
2117,3.6646486084417063e-13
2118,3.6323824807379945e-13
2119,3.626329922110094e-13
2120,3.6621080517010296e-13
2121,3.633262852902053e-13
2122,3.628278775515137e-13
2123,3.6374893440209444e-13
2124,3.658672486066966e-13
2125,3.66762311710192e-13
2126,3.669172713056945e-13
2127,3.672278681230573e-13
2128,3.6407858607263865e-13
2129,3.634052152083622e-13
2130,3.641997727704682e-13
2131,3.6588031324287507e-13
2132,3.6350482628295933e-13
2133,3.642928515269761e-13
2134,3.652580625110313e-13
2135,3.627416563737468e-13
2136,3.6816968744524114e-13
2137,3.6805514148571805e-13
2138,3.6886401051650086e-13
2139,3.6335574848424257e-13
2140,3.6413892192353747e-13
2141,3.6504821518054675e-13
2142,3.6242468986862064e-13
2143,3.6449955467116046e-13
2144,3.650914477421746e-13
2145,3.6662437408879756e-13
2146,3.617001446618029e-13
2147,3.687372672825373e-13
2148,3.688670462825838e-13
2149,3.6525478279945955e-13
2150,3.6428244318612024e-13
2151,3.6488317250484015e-13
2152,3.6634058417014947e-13
2153,3.6140689507919987e-13
2154,3.650350963342597e-13
2155,3.6590221412675927e-13
2156,3.6295640971906185e-13
2157,3.6251622363703273e-13
2158,3.695715066441563e-13
2159,3.702707628353008e-13
2160,3.642727124716222e-13
2161,3.648609734653585e-13
2162,3.656664814694066e-13
2163,3.627711737778927e-13
2164,3.623102794343691e-13
2165,3.658339093898927e-13
2166,3.672791779908702e-13
2167,3.6194081043904036e-13
2168,3.630331712328738e-13
2169,3.7060431763366597e-13
2170,3.6652896429761883e-13
2171,3.6525012073011787e-13
2172,3.656478874021485e-13
2173,3.669963096440687e-13
2174,3.617752256622475e-13
2175,3.628546573451741e-13
2176,3.6674781050613503e-13
2177,3.635677642190721e-13
2178,3.628948812457733e-13
2179,3.637808370510198e-13
2180,3.662242492770418e-13
2181,3.66721410183235e-13
2182,3.668592122793579e-13
2183,3.6742362082529956e-13
2184,3.640723790152012e-13
2185,3.632808301141238e-13
2186,3.640733547971564e-13
2187,3.66105908609915e-13
2188,3.633446083069203e-13
2189,3.641373769354417e-13
2190,3.6535352651231867e-13
2191,3.62682540250292e-13
2192,3.6800239505002663e-13
2193,3.678953842956023e-13
2194,3.6904797252011734e-13
2195,3.6317509329725217e-13
2196,3.6396867507740294e-13
2197,3.6511993515425667e-13
2198,3.6235302410501935e-13
2199,3.643272478408982e-13
2200,3.649447551882373e-13
2201,3.6241490494401396e-13
2202,3.621892011567568e-13
2203,3.6928272939551476e-13
2204,3.696079358371518e-13
2205,3.656792208449333e-13
2206,3.645096648564189e-13
2207,3.650561027513516e-13
2208,3.6684208188503264e-13
2209,3.614516455238692e-13
2210,3.6506339401096155e-13
2211,3.6615542954414326e-13
2212,3.630194560753919e-13
2213,3.624764334173025e-13
2214,3.696747226909769e-13
2215,3.66010390398519e-13
2216,3.649390631268318e-13
2217,3.654031287617099e-13
2218,3.6640013397447324e-13
2219,3.632010328342289e-13
2220,3.625309145764699e-13
2221,3.66152366673006e-13
2222,3.6329500605752907e-13
2223,3.627743179641929e-13
2224,3.6369469718841585e-13
2225,3.657441374500109e-13
2226,3.6672347016736273e-13
2227,3.6687601741303144e-13
2228,3.671736309093787e-13
2229,3.6405383915805167e-13
2230,3.6335967871711783e-13
2231,3.641536941781376e-13
2232,3.658031451532484e-13
2233,3.634663371058361e-13
2234,3.6425319683251745e-13
2235,3.652037981922984e-13
2236,3.626626722454812e-13
2237,3.681410102977789e-13
2238,3.680244585642367e-13
2239,3.6883427627192045e-13
2240,3.633224905826016e-13
2241,3.6410487797532143e-13
2242,3.649980979351236e-13
2243,3.623794515329737e-13
2244,3.6447114857424134e-13
2245,3.6506203875824594e-13
2246,3.6659396221785934e-13
2247,3.616264460191282e-13
2248,3.687162337603911e-13
2249,3.688281234245916e-13
2250,3.652484131116962e-13
2251,3.642576149563703e-13
2252,3.648576124386238e-13
2253,3.6631242201871916e-13
2254,3.613571301994828e-13
2255,3.6501444228287383e-13
2256,3.658629931131696e-13
2257,3.629512055486339e-13
2258,3.6246044143525835e-13
2259,3.6955602965814405e-13
2260,3.7025103035576157e-13
2261,3.6425525681664517e-13
2262,3.648426504486435e-13
2263,3.656289680742386e-13
2264,3.6276840906235286e-13
2265,3.6227035368936733e-13
2266,3.658189473999124e-13
2267,3.672589034102447e-13
2268,3.6192492687721345e-13
2269,3.629947362658592e-13
2270,3.648292876568676e-13
2271,3.6779723689393806e-13
2272,3.66236771812134e-13
2273,3.664652132098767e-13
2274,3.677763117920091e-13
2275,3.6230320501519364e-13
2276,3.6328153484553594e-13
2277,3.6470002365285303e-13
2278,3.6441268297209006e-13
2279,3.635440201914947e-13
2280,3.643142645198827e-13
2281,3.6653097007163793e-13
2282,3.671211284191761e-13
2283,3.6718222321159566e-13
2284,3.676981137103186e-13
2285,3.6429165890458637e-13
2286,3.634331063092494e-13
2287,3.6419044863178485e-13
2288,3.6614401831627785e-13
2289,3.6341998746296234e-13
2290,3.641903944216762e-13
2291,3.6537559002652875e-13
2292,3.6260710688414133e-13
2293,3.6803351165237697e-13
2294,3.6791197258884134e-13
2295,3.6904553306522925e-13
2296,3.6316991623187855e-13
2297,3.639556917563874e-13
2298,3.6507900652224534e-13
2299,3.622964016465613e-13
2300,3.643095482404324e-13
2301,3.649067267970374e-13
2302,3.6675187626428185e-13
2303,3.6145549444158154e-13
2304,3.685552026327227e-13
2305,3.6888894716646803e-13
2306,3.6516590532637005e-13
2307,3.640931956969129e-13
2308,3.6470230047741525e-13
2309,3.6645816589575553e-13
2310,3.6119309041078573e-13
2311,3.648564469212884e-13
2312,3.659183958441836e-13
2313,3.6287314299221496e-13
2314,3.62329632443148e-13
2315,3.695170796950975e-13
2316,3.659246300066754e-13
2317,3.6486593369029763e-13
2318,3.65339052413316e-13
2319,3.6629680950743537e-13
2320,3.6315671607042854e-13
2321,3.6248074312093814e-13
2322,3.6368401779701687e-13
2323,3.6379075750089807e-13
2324,3.631634923340066e-13
2325,3.640168136538613e-13
2326,3.6591536007810066e-13
2327,3.669681203875841e-13
2328,3.670760256088007e-13
2329,3.6731568849902863e-13
2330,3.641903402115676e-13
2331,3.6346294897404707e-13
2332,3.642359038078663e-13
2333,3.6578376503941523e-13
2334,3.6353030503401274e-13
2335,3.643026635566371e-13
2336,3.6520607501686064e-13
2337,3.626454063258844e-13
2338,3.6817440372469146e-13
2339,3.6804847364235727e-13
2340,3.688132156447199e-13
2341,3.633356636389973e-13
2342,3.641123860753659e-13
2343,3.6496131637642204e-13
2344,3.6233654423199757e-13
2345,3.644797679815126e-13
2346,3.650659960961755e-13
2347,3.6655330463639113e-13
2348,3.615940554792252e-13
2349,3.6872219687233976e-13
2350,3.687899052980115e-13
2351,3.6525074414636705e-13
2352,3.6425726259066427e-13
2353,3.648546850927581e-13
2354,3.6626501527872724e-13
2355,3.6131793629094744e-13
2356,3.626568988689127e-13
2357,3.663861748715025e-13
2358,3.633770801619862e-13
2359,3.6275881387312636e-13
2360,3.6406806931156555e-13
2361,3.719268545487181e-13
2362,3.654377690211208e-13
2363,3.658225523721359e-13
2364,3.66485298055122e-13
2365,3.634409396699456e-13
2366,3.6279358965780883e-13
2367,3.6376858556647074e-13
2368,3.682386155983569e-13
2369,3.6262475227449853e-13
2370,3.6356917368189634e-13
2371,3.6508063282550407e-13
2372,3.682551496814873e-13
2373,3.665889748878659e-13
2374,3.667468889342884e-13
2375,3.6798209336434684e-13
2376,3.624723676591557e-13
2377,3.6341128674052814e-13
2378,3.646512887651998e-13
2379,3.6450961064631027e-13
2380,3.636124062435242e-13
2381,3.643602617970504e-13
2382,3.6638143148699787e-13
2383,3.6716723411656105e-13
2384,3.6721011431248285e-13
2385,3.6766008531911865e-13
2386,3.6429187574502087e-13
2387,3.6342763108827836e-13
2388,3.641762455833253e-13
2389,3.6597900274562556e-13
2390,3.610757255256142e-13
2391,3.645916034356045e-13
2392,3.6569743544143107e-13
2393,3.627524170803087e-13
2394,3.625677774503344e-13
2395,3.6939068882684e-13
2396,3.658711788395719e-13
2397,3.648437888609246e-13
2398,3.653470755093924e-13
2399,3.663361389412423e-13
2400,3.6322258135240704e-13
2401,3.6266004305521293e-13
2402,3.6614090123503196e-13
2403,3.633526856131053e-13
2404,3.628298833255328e-13
2405,3.6386396825259515e-13
2406,3.7163842966578264e-13
2407,3.655601754463944e-13
2408,3.659267984110204e-13
2409,3.6628829852038136e-13
2410,3.6344977591765137e-13
2411,3.6289116785333253e-13
2412,3.6380948709342775e-13
2413,3.6793840001679567e-13
2414,3.627343380090825e-13
2415,3.6366363479617414e-13
2416,3.646560050446501e-13
2417,3.6262415596330366e-13
2418,3.6778197674836033e-13
2419,3.677479870102529e-13
2420,3.6859176735098975e-13
2421,3.6318178824566727e-13
2422,3.640089802931651e-13
2423,3.64916159355938e-13
2424,3.624775447245293e-13
2425,3.6444436878058095e-13
2426,3.650599516690639e-13
2427,3.6662258515521295e-13
2428,3.6186011869235313e-13
2429,3.687187274253878e-13
2430,3.6884273304886583e-13
2431,3.6530677029363023e-13
2432,3.643044253851674e-13
2433,3.649141264768646e-13
2434,3.664032239506648e-13
2435,3.615051780061357e-13
2436,3.6506789344997737e-13
2437,3.6592828918900755e-13
2438,3.630413569592761e-13
2439,3.626787455426883e-13
2440,3.695945459403216e-13
2441,3.7032955369810383e-13
2442,3.643044524902217e-13
2443,3.6489729423813677e-13
2444,3.6569786912230007e-13
2445,3.6285547049680345e-13
2446,3.6239875033164393e-13
2447,3.658667878207733e-13
2448,3.6735041007360247e-13
2449,3.619754778035056e-13
2450,3.631641970654187e-13
2451,3.706168401687582e-13
2452,3.665949651048689e-13
2453,3.6527467790932466e-13
2454,3.6567572429292705e-13
2455,3.6706472280115254e-13
2456,3.618033607086235e-13
2457,3.629246154903537e-13
2458,3.6676705509469665e-13
2459,3.636356081700154e-13
2460,3.629190589542197e-13
2461,3.638180793956447e-13
2462,3.7212374566324147e-13
2463,3.65522363895629e-13
2464,3.6586665229550175e-13
2465,3.6650516605993277e-13
2466,3.634357354995177e-13
2467,3.6275100761748447e-13
2468,3.6364940464266027e-13
2469,3.6818773941141303e-13
2470,3.6255284256540843e-13
2471,3.6348609669042964e-13
2472,3.647526616683272e-13
2473,3.625208586013201e-13
2474,3.6759484345338933e-13
2475,3.675677655041315e-13
2476,3.687816653615006e-13
2477,3.6297741613615375e-13
2478,3.638152062598876e-13
2479,3.6498657828704095e-13
2480,3.6237890943188744e-13
2481,3.642491039693163e-13
2482,3.6488290145429703e-13
2483,3.6242197936318943e-13
2484,3.6231038785458636e-13
2485,3.692452702104554e-13
2486,3.696182086527361e-13
2487,3.6414220163510924e-13
2488,3.6477599912008996e-13
2489,3.653129231409591e-13
2490,3.627302722509357e-13
2491,3.623721602733637e-13
2492,3.6588364716455546e-13
2493,3.6700135118417077e-13
2494,3.620534319397073e-13
2495,3.631805685182232e-13
2496,3.70432037908458e-13
2497,3.6661453495408225e-13
2498,3.6538895281830464e-13
2499,3.6578474082137047e-13
2500,3.6681660313397924e-13
2501,3.6193942808127044e-13
2502,3.6300956273056795e-13
2503,3.666383331917683e-13
2504,3.6368998090896554e-13
2505,3.6305799946262374e-13
2506,3.63935769541468e-13
2507,3.6606541365877265e-13
2508,3.6688853994812365e-13
2509,3.6701644869942263e-13
2510,3.6732577157923274e-13
2511,3.641935115029221e-13
2512,3.6343836468978596e-13
2513,3.642215652341352e-13
2514,3.659469916764829e-13
2515,3.635063170609465e-13
2516,3.6428827077279735e-13
2517,3.6525811672113995e-13
2518,3.6276992694539434e-13
2519,3.6815231310542706e-13
2520,3.680351379556357e-13
2521,3.68905183094001e-13
2522,3.633254179284673e-13
2523,3.64108401632382e-13
2524,3.6502249248400453e-13
2525,3.624379442401793e-13
2526,3.644667575554428e-13
2527,3.6505913851743454e-13
2528,3.666514791431097e-13
2529,3.616601376016382e-13
2530,3.6870368412024457e-13
2531,3.688371223026232e-13
2532,3.6527733420464725e-13
2533,3.6424693556497134e-13
2534,3.6484918276673273e-13
2535,3.6636375899158635e-13
2536,3.613623072648564e-13
2537,3.6500216369327043e-13
2538,3.65871883570984e-13
2539,3.6297969296071597e-13
2540,3.624858117660945e-13
2541,3.695400647811542e-13
2542,3.702944526527696e-13
2543,3.642388582587863e-13
2544,3.648290437113788e-13
2545,3.6563601538835977e-13
2546,3.627952430661219e-13
2547,3.6227290156447267e-13
2548,3.6580542197781063e-13
2549,3.673039791155658e-13
2550,3.619098835720702e-13
2551,3.6301162271469567e-13
2552,3.7057501706995455e-13
2553,3.665547954143783e-13
2554,3.6522082016640645e-13
2555,3.656204299821303e-13
2556,3.670204331424065e-13
2557,3.6174584378337316e-13
2558,3.62823215482172e-13
2559,3.66720976502366e-13
2560,3.6359595347555673e-13
2561,3.628685080279276e-13
2562,3.6375611724148715e-13
2563,3.662608953104718e-13
2564,3.6669338355707626e-13
2565,3.668332727423812e-13
2566,3.6739632603560723e-13
2567,3.6410073090201167e-13
2568,3.6325548688834197e-13
2569,3.6404977339990485e-13
2570,3.661284600151027e-13
2571,3.633198884973876e-13
2572,3.64114391849385e-13
2573,3.653326014103897e-13
2574,3.611793752533038e-13
2575,3.6819828327754045e-13
2576,3.6807633763819014e-13
2577,3.6488715694782403e-13
2578,3.640467647388762e-13
2579,3.646990478708978e-13
2580,3.658280818032156e-13
2581,3.6131907470322855e-13
2582,3.6499620058132176e-13
2583,3.655834315829942e-13
2584,3.629388998539762e-13
2585,3.625188799323553e-13
2586,3.69617070240455e-13
2587,3.699916349859944e-13
2588,3.643627825671014e-13
2589,3.649489293666014e-13
2590,3.654750655758543e-13
2591,3.628421619151362e-13
2592,3.6239631087675583e-13
2593,3.635503085640951e-13
2594,3.6765477272847347e-13
2595,3.624713105620375e-13
2596,3.6346555105926104e-13
2597,3.649158612003406e-13
2598,3.681539394086858e-13
2599,3.6658287625064567e-13
2600,3.6676572694703535e-13
2601,3.677651445096325e-13
2602,3.6255628490730607e-13
2603,3.6350417576165583e-13
2604,3.646063485851503e-13
2605,3.6457295515823773e-13
2606,3.637312348016286e-13
2607,3.6448079797357646e-13
2608,3.6632508007908293e-13
2609,3.6729546812851177e-13
2610,3.673373183323697e-13
2611,3.6760920913217476e-13
2612,3.6438964367592475e-13
2613,3.6356825211004973e-13
2614,3.643124484812438e-13
2615,3.6592002214744235e-13
2616,3.6355914481180085e-13
2617,3.6431551135238105e-13
2618,3.652654350858042e-13
2619,3.626136934123392e-13
2620,3.6816139329862163e-13
2621,3.6802695222923343e-13
2622,3.6888119512093476e-13
2623,3.6329134687519693e-13
2624,3.640652503859171e-13
2625,3.649612621663134e-13
2626,3.62320254094356e-13
2627,3.620592866314387e-13
2628,3.654931175420262e-13
2629,3.670530676277983e-13
2630,3.617529182025486e-13
2631,3.632555682035049e-13
2632,3.7042780951998533e-13
2633,3.6647025474997874e-13
2634,3.6517167870293854e-13
2635,3.6560446510514044e-13
2636,3.6706336754843694e-13
2637,3.6177774643229854e-13
2638,3.629639178191063e-13
2639,3.667895522897757e-13
2640,3.636658303055734e-13
2641,3.629352948817527e-13
2642,3.640364919232919e-13
2643,3.721749471108371e-13
2644,3.6552518282127744e-13
2645,3.6588071981868975e-13
2646,3.6656430928844186e-13
2647,3.634891324565126e-13
2648,3.6278223264005205e-13
2649,3.6371838700588466e-13
2650,3.6828737759106445e-13
2651,3.6258298338580353e-13
2652,3.635211164206009e-13
2653,3.6495242591860766e-13
2654,3.6825520389159594e-13
2655,3.6654305892586114e-13
2656,3.6669647353326784e-13
2657,3.6798943883406543e-13
2658,3.6240970077358603e-13
2659,3.633475627578403e-13
2660,3.6459577761396855e-13
2661,3.644810961291739e-13
2662,3.635471914828492e-13
2663,3.642952909818642e-13
2664,3.6629247269874543e-13
2665,3.6711486715163e-13
2666,3.67156636040325e-13
2667,3.6762596005573966e-13
2668,3.642678064567917e-13
2669,3.633689486456926e-13
2670,3.6411829497720594e-13
2671,3.659708170192233e-13
2672,3.610088302515718e-13
2673,3.645348996619835e-13
2674,3.6566770119685066e-13
2675,3.611780471056425e-13
2676,3.62669340088842e-13
2677,3.6963439037016044e-13
2678,3.6606210684214657e-13
2679,3.6496085559049873e-13
2680,3.6543785033628373e-13
2681,3.664562685419537e-13
2682,3.6173380913925857e-13
2683,3.6292431733475627e-13
2684,3.664373763190981e-13
2685,3.635855993448095e-13
2686,3.6298413818962316e-13
2687,3.6390009928999323e-13
2688,3.718185698567411e-13
2689,3.656463153089984e-13
2690,3.659924468525644e-13
2691,3.663533235456762e-13
2692,3.635089733562691e-13
2693,3.62908487983038e-13
2694,3.638107068208718e-13
2695,3.6797965390945875e-13
2696,3.6272791411121053e-13
2697,3.6365249461885185e-13
2698,3.646481716839539e-13
2699,3.625809505067301e-13
2700,3.6776972526381124e-13
2701,3.677323744989691e-13
2702,3.6860363936477847e-13
2703,3.6315828816357865e-13
2704,3.6398434179879535e-13
2705,3.6489452952259693e-13
2706,3.6247453606350066e-13
2707,3.6441647767969376e-13
2708,3.650320334631224e-13
2709,3.666204980660309e-13
2710,3.6179322341831077e-13
2711,3.6869690785666653e-13
2712,3.6882264820362054e-13
2713,3.653069058189018e-13
2714,3.642792176846571e-13
2715,3.648890543016259e-13
2716,3.6640238369398115e-13
2717,3.614810816128522e-13
2718,3.650418454927834e-13
2719,3.6590332543398607e-13
2720,3.6303902592460524e-13
2721,3.626237764925433e-13
2722,3.695753826669229e-13
2723,3.7033296893494716e-13
2724,3.6428287686698924e-13
2725,3.64876125190719e-13
2726,3.656767542849909e-13
2727,3.628571510101708e-13
2728,3.6238178256764453e-13
2729,3.6584521219754085e-13
2730,3.6735016612811366e-13
2731,3.619533600791869e-13
2732,3.631197718814011e-13
2733,3.706001163502476e-13
2734,3.6660095532187187e-13
2735,3.6525719514929333e-13
2736,3.656586210036561e-13
2737,3.6706781277734413e-13
2738,3.6178509190201713e-13
2739,3.6291331268270555e-13
2740,3.6674699735450567e-13
2741,3.6363972813827083e-13
2742,3.629008985678306e-13
2743,3.637897546138885e-13
2744,3.663518598727433e-13
2745,3.6671682942905626e-13
2746,3.6685888701870617e-13
2747,3.6742226557258395e-13
2748,3.641417137441316e-13
2749,3.6328383877515247e-13
2750,3.6407899264845334e-13
2751,3.6621571118493346e-13
2752,3.6333918729605785e-13
2753,3.641355880018571e-13
2754,3.653681090315386e-13
2755,3.6123404614785137e-13
2756,3.6821392289387855e-13
2757,3.6809419986898184e-13
2758,3.6491914091191235e-13
2759,3.640659551173292e-13
2760,3.6471929534646896e-13
2761,3.658641044203964e-13
2762,3.6137762162054277e-13
2763,3.6500866890630534e-13
2764,3.6559912540944095e-13
2765,3.629675227913298e-13
2766,3.625574775296958e-13
2767,3.6962772252679965e-13
2768,3.7001963450709885e-13
2769,3.643747630011074e-13
2770,3.6496221084321434e-13
2771,3.654922501802882e-13
2772,3.6287040538172943e-13
2773,3.624256927556302e-13
2774,3.6595103032957543e-13
2775,3.670972488663271e-13
2776,3.6207877516548914e-13
2777,3.6314104934903613e-13
2778,3.647035473099136e-13
2779,3.679145204639467e-13
2780,3.663862290816111e-13
2781,3.666064305428429e-13
2782,3.676350131438799e-13
2783,3.62457893560153e-13
2784,3.6342654688610587e-13
2785,3.6460670095085634e-13
2786,3.64525738153626e-13
2787,3.636862946215791e-13
2788,3.644477840174243e-13
2789,3.6635120935143983e-13
2790,3.6726974543196955e-13
2791,3.6732021504309875e-13
2792,3.676041404870184e-13
2793,3.6439948281064005e-13
2794,3.6356762869380055e-13
2795,3.643158908231414e-13
2796,3.660032346641806e-13
2797,3.6355540431430577e-13
2798,3.643160534534673e-13
2799,3.652772528894843e-13
2800,3.6265288732087453e-13
2801,3.6816342617769504e-13
2802,3.680320479794441e-13
2803,3.6891307066480583e-13
2804,3.6329828576910084e-13
2805,3.6407414084373146e-13
2806,3.6498145543177596e-13
2807,3.6237844864596414e-13
2808,3.644259373436487e-13
2809,3.650144151778195e-13
2810,3.66615293895603e-13
2811,3.6151295715672327e-13
2812,3.686718627864821e-13
2813,3.6879613946050327e-13
2814,3.65254213593319e-13
2815,3.642037572134521e-13
2816,3.6480410706141164e-13
2817,3.663243211375622e-13
2818,3.6129112939223273e-13
2819,3.649599340186521e-13
2820,3.6581943529089e-13
2821,3.629509616031451e-13
2822,3.6236779635961947e-13
2823,3.6378964619367127e-13
2824,3.7168667666245825e-13
2825,3.651812196820564e-13
2826,3.656056848325845e-13
2827,3.663357594704819e-13
2828,3.6333319707905487e-13
2829,3.6265782044075934e-13
2830,3.6372085356582706e-13
2831,3.6821546788197435e-13
2832,3.625211025468089e-13
2833,3.6348059436440427e-13
2834,3.6507586233594513e-13
2835,3.6662632565270803e-13
2836,3.667942143591174e-13
2837,3.6691732551580314e-13
2838,3.682470723753023e-13
2839,3.625724666247304e-13
2840,3.634937945258543e-13
2841,3.6482823055974944e-13
2842,3.646035025544475e-13
2843,3.6363948419278203e-13
2844,3.643812682141423e-13
2845,3.6649413430282773e-13
2846,3.6717040540791557e-13
2847,3.6721098167422084e-13
2848,3.677066518024269e-13
2849,3.643352438319203e-13
2850,3.6341486460769734e-13
2851,3.641637772583417e-13
2852,3.6611203435218953e-13
2853,3.633859435147463e-13
2854,3.6415120051314087e-13
2855,3.6532934880387224e-13
2856,3.6096538084950947e-13
2857,3.6822221704049807e-13
2858,3.6806205327456765e-13
2859,3.6921927646337005e-13
2860,3.632517734959012e-13
2861,3.640170575993501e-13
2862,3.651206398856688e-13
2863,3.6233627318145445e-13
2864,3.643320996456201e-13
2865,3.6491886986136923e-13
2866,3.6679052807173096e-13
2867,3.614060548225162e-13
2868,3.6855357632946395e-13
2869,3.6888631797619975e-13
2870,3.636452575693505e-13
2871,3.643383880182205e-13
2872,3.6490211893780433e-13
2873,3.6667123872770324e-13
2874,3.612745410989937e-13
2875,3.649636745161472e-13
2876,3.660209071595921e-13
2877,3.6141602948250307e-13
2878,3.6257677632836605e-13
2879,3.640568478190803e-13
2880,3.6746601313024374e-13
2881,3.660485543149905e-13
2882,3.663180598700161e-13
2883,3.6723380412995166e-13
2884,3.622682937052396e-13
2885,3.6326258841257175e-13
2886,3.6429499282626676e-13
2887,3.6439232707630165e-13
2888,3.6360153711674503e-13
2889,3.6437270301697966e-13
2890,3.6608796506396035e-13
2891,3.6723534911804745e-13
2892,3.6728806844868456e-13
2893,3.6748211353250515e-13
2894,3.643508563432041e-13
2895,3.635518535521909e-13
2896,3.6429984463098863e-13
2897,3.657993233405904e-13
2898,3.6356497239847796e-13
2899,3.643216641997099e-13
2900,3.6519160091785796e-13
2901,3.625701898001682e-13
2902,3.681832128673429e-13
2903,3.680465491835011e-13
2904,3.688069001670652e-13
2905,3.633169069414133e-13
2906,3.640880186315393e-13
2907,3.6490510049377867e-13
2908,3.623326411041766e-13
2909,3.6207007444305495e-13
2910,3.655174578807985e-13
2911,3.6698522367685504e-13
2912,3.617814598247393e-13
2913,3.6323776018282183e-13
2914,3.7038403485727123e-13
2915,3.664909088013646e-13
2916,3.652021718890397e-13
2917,3.65631434634181e-13
2918,3.670005380325414e-13
2919,3.6180788725269364e-13
2920,3.6297741613615375e-13
2921,3.6674363632777096e-13
2922,3.636834756959306e-13
2923,3.629632672978028e-13
2924,3.640203644159762e-13
2925,3.721201949011266e-13
2926,3.6555936229476504e-13
2927,3.659108064289762e-13
2928,3.6652056173078207e-13
2929,3.635070488974129e-13
2930,3.6281012374093924e-13
2931,3.637303403348363e-13
2932,3.6822953540516234e-13
2933,3.626132868365245e-13
2934,3.6354795042436994e-13
2935,3.6486845446034866e-13
2936,3.6827783661194657e-13
2937,3.665744465787546e-13
2938,3.667241206886662e-13
2939,3.67933737947454e-13
2940,3.6243967896365525e-13
2941,3.6337407150095757e-13
2942,3.6453994120208555e-13
2943,3.644992023054544e-13
2944,3.6357475732308464e-13
2945,3.64319848161071e-13
2946,3.6621343436037124e-13
2947,3.61500082255925e-13
2948,3.681950577760773e-13
2949,3.685516247655535e-13
2950,3.6500560603516807e-13
2951,3.639612482925214e-13
2952,3.646175700776355e-13
2953,3.664145538633673e-13
2954,3.6128137157268037e-13
2955,3.6484500858836866e-13
2956,3.6592831629406186e-13
2957,3.6139271913579463e-13
2958,3.6285593128272675e-13
2959,3.697758787536698e-13
2960,3.6620207734261445e-13
2961,3.650748865539899e-13
2962,3.655344527498522e-13
2963,3.66511264697153e-13
2964,3.6180439070068737e-13
2965,3.6293182543480074e-13
2966,3.6646960422867525e-13
2967,3.63641652597127e-13
2968,3.630309486184202e-13
2969,3.6396441958387593e-13
2970,3.7181710618380825e-13
2971,3.656767813900452e-13
2972,3.6601871165019284e-13
2973,3.6634226468351683e-13
2974,3.635313621311309e-13
2975,3.6292832888279447e-13
2976,3.638098665641881e-13
2977,3.6554223190043977e-13
2978,3.632475180023742e-13
2979,3.6408704284958404e-13
2980,3.6501872488145515e-13
2981,3.6284874844333403e-13
2982,3.6803703530943754e-13
2983,3.679538227926993e-13
2984,3.687808251048169e-13
2985,3.6330527887311337e-13
2986,3.641055013915706e-13
2987,3.6497223971330983e-13
2988,3.6248526966500827e-13
2989,3.6449860599425954e-13
2990,3.650988203169475e-13
2991,3.6664941915898197e-13
2992,3.6184098252400876e-13
2993,3.6873574939949583e-13
2994,3.688232716198697e-13
2995,3.653333061418018e-13
2996,3.642988688490334e-13
2997,3.649037994511717e-13
2998,3.6638053702020557e-13
2999,3.6142554335656663e-13
3000,3.650619303380287e-13
3001,3.6588717082161604e-13
3002,3.6305284950230443e-13
3003,3.626469784190345e-13
3004,3.695819963001751e-13
3005,3.703031533752038e-13
3006,3.6428824366774304e-13
3007,3.648792151669106e-13
3008,3.6564487874111984e-13
3009,3.6285923809935283e-13
3010,3.6232060646006203e-13
3011,3.6585732815681837e-13
3012,3.673261510499931e-13
3013,3.6196292816335907e-13
3014,3.6314375985446734e-13
3015,3.7057035500061286e-13
3016,3.666048042395842e-13
3017,3.6526033933559354e-13
3018,3.6566027441196913e-13
3019,3.6703366040891083e-13
3020,3.617881276681001e-13
3021,3.6286151492391505e-13
3022,3.6433990590126197e-13
3023,3.641691440590955e-13
3024,3.633205661237454e-13
3025,3.641388135033202e-13
3026,3.6660832789664477e-13
3027,3.6697340587317495e-13
3028,3.6707014381201497e-13
3029,3.675840827468274e-13
3030,3.642850452713342e-13
3031,3.633959723848418e-13
3032,3.6416971326523606e-13
3033,3.6617979698796987e-13
3034,3.634158674947069e-13
3035,3.6419673700438526e-13
3036,3.653908772771608e-13
3037,3.612718576986168e-13
3038,3.682479397370403e-13
3039,3.6810227717516686e-13
3040,3.6927982915470337e-13
3041,3.633120280316371e-13
3042,3.6408484734018476e-13
3043,3.6519959690888004e-13
3044,3.6244976204385937e-13
3045,3.6440349435867825e-13
3046,3.6499435743762854e-13
3047,3.668909251929031e-13
3048,3.6167618379379096e-13
3049,3.685945862766382e-13
3050,3.689534571957309e-13
3051,3.636974347989014e-13
3052,3.6439549836765617e-13
3053,3.649629968897894e-13
3054,3.6676076672209623e-13
3055,3.61350896036991e-13
3056,3.6502314300530803e-13
3057,3.661099743680618e-13
3058,3.6147579612726133e-13
3059,3.627663219731708e-13
3060,3.6986627410980077e-13
3061,3.6624869803603133e-13
3062,3.6508681277788724e-13
3063,3.6552881489855527e-13
3064,3.665092860281882e-13
3065,3.6176994017665665e-13
3066,3.628598073054934e-13
3067,3.6398930202373447e-13
3068,3.641282154270842e-13
3069,3.6339524054837535e-13
3070,3.642146534452856e-13
3071,3.6622620084095225e-13
3072,3.670968151854581e-13
3073,3.6718645160006835e-13
3074,3.674152453635171e-13
3075,3.6431933316503906e-13
3076,3.6352740479320134e-13
3077,3.642922010056726e-13
3078,3.658499826870998e-13
3079,3.635738086461837e-13
3080,3.6434115273376033e-13
3081,3.6523963107409907e-13
3082,3.6280594956257517e-13
3083,3.6818351102294034e-13
3084,3.680576893608234e-13
3085,3.6886574523997684e-13
3086,3.633401630780131e-13
3087,3.641175631407395e-13
3088,3.6496353899087564e-13
3089,3.623875017341044e-13
3090,3.621074794180057e-13
3091,3.655561096882476e-13
3092,3.670736132589669e-13
3093,3.619154401082042e-13
3094,3.690101067592433e-13
3095,3.6905466746853244e-13
3096,3.6549729172039025e-13
3097,3.6441062298796234e-13
3098,3.649819704278079e-13
3099,3.6643274135481074e-13
3100,3.6139545674628015e-13
3101,3.626789081730142e-13
3102,3.6645420855782596e-13
3103,3.634741975715866e-13
3104,3.6279334571232003e-13
3105,3.641403042813074e-13
3106,3.719918253639043e-13
3107,3.654446808099704e-13
3108,3.658267807606086e-13
3109,3.6648613831180565e-13
3110,3.6348701826227625e-13
3111,3.627879789115662e-13
3112,3.637260848413093e-13
3113,3.682837455137866e-13
3114,3.6261878916254986e-13
3115,3.6356269557391574e-13
3116,3.6512877140196243e-13
3117,3.666862820328465e-13
3118,3.668444129197035e-13
3119,3.6695933834998695e-13
3120,3.6822533412174396e-13
3121,3.62607079779087e-13
3122,3.635229053541855e-13
3123,3.6471723536234124e-13
3124,3.622830659598397e-13
3125,3.6411097661254166e-13
3126,3.647770020070995e-13
3127,3.6678781756629975e-13
3128,3.674649831381799e-13
3129,3.6745709556737505e-13
3130,3.6789126432734687e-13
3131,3.6450757776723686e-13
3132,3.635554856294687e-13
3133,3.642812505637305e-13
3134,3.6612932737684067e-13
3135,3.611282822259254e-13
3136,3.646438890853726e-13
3137,3.6577438669062323e-13
3138,3.612620727740101e-13
3139,3.628055971968691e-13
3140,3.696823663162929e-13
3141,3.661329594541185e-13
3142,3.650101596842925e-13
3143,3.6548392892861437e-13
3144,3.6650381080721717e-13
3145,3.6177349093877154e-13
3146,3.6296090915807766e-13
3147,3.664614727123816e-13
3148,3.636361231660473e-13
3149,3.630159324183313e-13
3150,3.639859681020541e-13
3151,3.718408502113857e-13
3152,3.656656141076686e-13
3153,3.6601228775232086e-13
3154,3.6636197005800175e-13
3155,3.635458904402422e-13
3156,3.629283830929031e-13
3157,3.638274035343281e-13
3158,3.6800488871502335e-13
3159,3.6274699606944627e-13
3160,3.636715494720333e-13
3161,3.64657035036714e-13
3162,3.6266253672020965e-13
3163,3.6777885966711443e-13
3164,3.6774275573477067e-13
3165,3.6862039028834337e-13
3166,3.63169780706607e-13
3167,3.639964848631272e-13
3168,3.6489745686846264e-13
3169,3.624987408770014e-13
3170,3.644295423158722e-13
3171,3.6504528783468104e-13
3172,3.6664107080225383e-13
3173,3.6184515670237283e-13
3174,3.687019765018229e-13
3175,3.6881953112237464e-13
3176,3.653308124768051e-13
3177,3.642865631543757e-13
3178,3.648971316078109e-13
3179,3.664183214659167e-13
3180,3.6148230134029624e-13
3181,3.6505130515673834e-13
3182,3.659048975271362e-13
3183,3.630654804576139e-13
3184,3.6266719878955134e-13
3185,3.6957795764708257e-13
3186,3.7034416332237807e-13
3187,3.642866444695386e-13
3188,3.648806517347891e-13
3189,3.656740166745054e-13
3190,3.62879485574924e-13
3191,3.623790178521047e-13
3192,3.658520426712275e-13
3193,3.673660496899406e-13
3194,3.619594045062985e-13
3195,3.6315655344010267e-13
3196,3.7060223054448393e-13
3197,3.6507456129333815e-13
3198,3.6552434256459376e-13
3199,3.658835658493925e-13
3200,3.6728961343678035e-13
3201,3.6193671757583923e-13
3202,3.6302135342919373e-13
3203,3.668661511732618e-13
3204,3.6375050649524454e-13
3205,3.6297874428381505e-13
3206,3.6385952302368796e-13
3207,3.721999379709129e-13
3208,3.6555312813227325e-13
3209,3.658908571090025e-13
3210,3.6651695675855855e-13
3211,3.6348428065179073e-13
3212,3.627582717720401e-13
3213,3.636477241292929e-13
3214,3.6821706708017876e-13
3215,3.625519209935618e-13
3216,3.6348390118103036e-13
3217,3.6474447594192494e-13
3218,3.6100511685913106e-13
3219,3.6780905469761815e-13
3220,3.6774763464454685e-13
3221,3.6898479063851575e-13
3222,3.630952147021943e-13
3223,3.639145733889959e-13
3224,3.650787083666479e-13
3225,3.6092380169619465e-13
3226,3.6455552660831503e-13
3227,3.651649295444148e-13
3228,3.6267530320079067e-13
3229,3.624810683815899e-13
3230,3.694002569110122e-13
3231,3.697979964779885e-13
3232,3.64243086647259e-13
3233,3.6486110899063007e-13
3234,3.6538851913743564e-13
3235,3.628257091471687e-13
3236,3.624192417527039e-13
3237,3.6592338317417705e-13
3238,3.6707057749288396e-13
3239,3.620771217571761e-13
3240,3.6321884085491196e-13
3241,3.7044480438903904e-13
3242,3.6666161643342243e-13
3243,3.653962982880232e-13
3244,3.657908936686993e-13
3245,3.6685303232697475e-13
3246,3.6194034965311705e-13
3247,3.6301354717355183e-13
3248,3.666347282195448e-13
3249,3.6372418748750746e-13
3250,3.6305512632686665e-13
3251,3.639333300865799e-13
3252,3.661132811846879e-13
3253,3.668801915913955e-13
3254,3.6700934717519285e-13
3255,3.6731530902826826e-13
3256,3.6422216154533005e-13
3257,3.6343123606050187e-13
3258,3.6421543949186064e-13
3259,3.6597428646617525e-13
3260,3.6349796870421835e-13
3261,3.6428111503845895e-13
3262,3.6524759996006684e-13
3263,3.628165205337569e-13
3264,3.681418776595169e-13
3265,3.6802611197254975e-13
3266,3.689259726706584e-13
3267,3.6331576852913217e-13
3268,3.6410002617059956e-13
3269,3.6501070178537875e-13
3270,3.624679224302485e-13
3271,3.6445800262289996e-13
3272,3.6505157620728146e-13
3273,3.666733800269939e-13
3274,3.61668458853312e-13
3275,3.686930047288456e-13
3276,3.688230547794352e-13
3277,3.6530235216977736e-13
3278,3.642374216909078e-13
3279,3.648408886201132e-13
3280,3.6638446725308083e-13
3281,3.613558020518215e-13
3282,3.649934358657819e-13
3283,3.658595778763263e-13
3284,3.6300576802296425e-13
3285,3.624934282863562e-13
3286,3.695298190706242e-13
3287,3.703129382998105e-13
3288,3.642282601825503e-13
3289,3.6481980088785837e-13
3290,3.656230862774529e-13
3291,3.628205862919037e-13
3292,3.622667487171438e-13
3293,3.657971007261368e-13
3294,3.6732395554059383e-13
3295,3.6190055943338684e-13
3296,3.630185616085996e-13
3297,3.705746375991942e-13
3298,3.650281845454101e-13
3299,3.6547609556791816e-13
3300,3.658339907050556e-13
3301,3.6724917269574664e-13
3302,3.6188516376253754e-13
3303,3.6293629776876224e-13
3304,3.644406282830859e-13
3305,3.642275825561925e-13
3306,3.6334344278958486e-13
3307,3.6415163419400987e-13
3308,3.666003048005684e-13
3309,3.6698015503169867e-13
3310,3.67069710131146e-13
3311,3.6761034754445587e-13
3312,3.62751576823625e-13
3313,3.63642086277996e-13
3314,3.6437069724296056e-13
3315,3.664098917940256e-13
3316,3.6354128258100915e-13
3317,3.6429653781436255e-13
3318,3.6552450519491964e-13
3319,3.612580070158633e-13
3320,3.683045079853897e-13
3321,3.6816459169503046e-13
3322,3.6498034412454916e-13
3323,3.6409514726082337e-13
3324,3.647360733750882e-13
3325,3.6587800931325853e-13
3326,3.613084224168839e-13
3327,3.6501333097564703e-13
3328,3.655885002281506e-13
3329,3.6296985382600067e-13
3330,3.625083631712822e-13
3331,3.6961788339208435e-13
3332,3.7000516040809617e-13
3333,3.643558707782518e-13
3334,3.649402015391129e-13
3335,3.654554415165323e-13
3336,3.62855172341206e-13
3337,3.6238270413949114e-13
3338,3.6351382516099096e-13
3339,3.6765848612091423e-13
3340,3.624591674977057e-13
3341,3.6345286589384296e-13
3342,3.6489005718863543e-13
3343,3.6816610957807194e-13
3344,3.6656940503865254e-13
3345,3.6675209310471635e-13
3346,3.6776286768507027e-13
3347,3.6254151265270596e-13
3348,3.634895661373816e-13
3349,3.6456026999281965e-13
3350,3.64586697420774e-13
3351,3.637197964687089e-13
3352,3.6446919701033087e-13
3353,3.663261100711468e-13
3354,3.672832979591256e-13
3355,3.673252023730922e-13
3356,3.6758530247427146e-13
3357,3.6440100069368153e-13
3358,3.635557024699032e-13
3359,3.643001698916404e-13
3360,3.65899151255622e-13
3361,3.6355022724893216e-13
3362,3.6430637694907786e-13
3363,3.652441305131149e-13
3364,3.626320977442171e-13
3365,3.68151093377983e-13
3366,3.680168149389207e-13
3367,3.6888027354908814e-13
3368,3.6328069458885226e-13
3369,3.6405492336022416e-13
3370,3.649386294459628e-13
3371,3.6233310189009993e-13
3372,3.620324255226154e-13
3373,3.65486503908774e-13
3374,3.6705512761192605e-13
3375,3.617450577367981e-13
3376,3.6325480926198417e-13
3377,3.704134438411999e-13
3378,3.649413941615026e-13
3379,3.654284177773831e-13
3380,3.658185408240977e-13
3381,3.672734588244103e-13
3382,3.619181235085811e-13
3383,3.6305377107415104e-13
3384,3.6689295807197653e-13
3385,3.6377200080331407e-13
3386,3.630028135720442e-13
3387,3.640847660250218e-13
3388,3.7223739715597226e-13
3389,3.655635093680748e-13
3390,3.6591156537049696e-13
3391,3.6657813286614105e-13
3392,3.635272963729841e-13
3393,3.6279589358742537e-13
3394,3.637095507581789e-13
3395,3.6830480614098715e-13
3396,3.6259059990606524e-13
3397,3.6352634769608316e-13
3398,3.649619397926712e-13
3399,3.6666657665836155e-13
3400,3.6681600682278437e-13
3401,3.669239662541096e-13
3402,3.682077700465497e-13
3403,3.625594561986606e-13
3404,3.634721917975675e-13
3405,3.64677445142611e-13
3406,3.6223709578772634e-13
3407,3.640550317804414e-13
3408,3.647202982334785e-13
3409,3.6669354618740213e-13
3410,3.617109324734191e-13
3411,3.6842807992799875e-13
3412,3.688627907890568e-13
3413,3.636128670294475e-13
3414,3.643406648427827e-13
3415,3.649328560693943e-13
3416,3.6680391796856116e-13
3417,3.614846865850757e-13
3418,3.650105391550529e-13
3419,3.6617058126950375e-13
3420,3.61488183137082e-13
3421,3.629132042624883e-13
3422,3.69911620865665e-13
3423,3.6628046515968515e-13
3424,3.651088762920973e-13
3425,3.655596875554168e-13
3426,3.6661540231582024e-13
3427,3.618062880544892e-13
3428,3.6295109712841667e-13
3429,3.665158996614404e-13
3430,3.6365382276651315e-13
3431,3.6301295086235696e-13
3432,3.6394460578917376e-13
3433,3.7187898702280286e-13
3434,3.656516821097522e-13
3435,3.659947236771266e-13
3436,3.663690444771772e-13
3437,3.635302779289584e-13
3438,3.6290057330717884e-13
3439,3.6378376439688553e-13
3440,3.6561606606838604e-13
3441,3.6321252537725723e-13
3442,3.640550317804414e-13
3443,3.6503642448192097e-13
3444,3.628453332064907e-13
3445,3.6800529529083803e-13
3446,3.679246577542594e-13
3447,3.6882581949497506e-13
3448,3.6327310517364486e-13
3449,3.6407609240764194e-13
3450,3.6499080667551365e-13
3451,3.625045142535699e-13
3452,3.644650228319668e-13
3453,3.6506835423590067e-13
3454,3.6669110673251404e-13
3455,3.618136064191535e-13
3456,3.6870539173866623e-13
3457,3.688395075474027e-13
3458,3.6532821039159113e-13
3459,3.6426994775608235e-13
3460,3.6487739912827166e-13
3461,3.6642423036775673e-13
3462,3.614203120810844e-13
3463,3.65030867945787e-13
3464,3.6590126544985835e-13
3465,3.6304729296617044e-13
3466,3.626244541189011e-13
3467,3.695548370357543e-13
3468,3.7034438016281257e-13
3469,3.642591328394118e-13
3470,3.648528961591735e-13
3471,3.656619820303908e-13
3472,3.6285704258995355e-13
3473,3.623191969972378e-13
3474,3.6582957258120274e-13
3475,3.673649925928224e-13
3476,3.6193387154513645e-13
3477,3.6312456947601435e-13
3478,3.706006313462795e-13
3479,3.650498956939141e-13
3480,3.654998938056042e-13
3481,3.658593881409461e-13
3482,3.672848700522757e-13
3483,3.6191150987532894e-13
3484,3.62969447250186e-13
3485,3.6686083858261664e-13
3486,3.637365202872195e-13
3487,3.62958334177918e-13
3488,3.638388418672478e-13
3489,3.7219898929401196e-13
3490,3.6553279934153915e-13
3491,3.658708264738658e-13
3492,3.6650868971699335e-13
3493,3.6346939997697336e-13
3494,3.627381056116319e-13
3495,3.636249558836707e-13
3496,3.658010580640664e-13
3497,3.6303078598809435e-13
3498,3.638810444368118e-13
3499,3.651443297031376e-13
3500,3.6119910773284303e-13
3501,3.6804625102790367e-13
3502,3.679447154944504e-13
3503,3.648256826846441e-13
3504,3.6398125182260377e-13
3505,3.6465226454715505e-13
3506,3.658225252670816e-13
3507,3.6131883075773974e-13
3508,3.6498072359530953e-13
3509,3.655800163461509e-13
3510,3.629714801292594e-13
3511,3.626429939760506e-13
3512,3.6960579453786113e-13
3513,3.700226702731818e-13
3514,3.6436421913497996e-13
3515,3.649565458868631e-13
3516,3.654940120088185e-13
3517,3.62888863923716e-13
3518,3.624130075902121e-13
3519,3.6357993438845826e-13
3520,3.67713780431711e-13
3521,3.624884138513085e-13
3522,3.6348522932869165e-13
3523,3.65043200745499e-13
3524,3.6818863387820533e-13
3525,3.665882701564538e-13
3526,3.667749697705558e-13
3527,3.6781843304641015e-13
3528,3.625668016683792e-13
3529,3.635173217129972e-13
3530,3.6463708571674025e-13
3531,3.6461835612421056e-13
3532,3.637438928619924e-13
3533,3.6449529917763346e-13
3534,3.6646716477378716e-13
3535,3.6729254078264606e-13
3536,3.6733834832443357e-13
3537,3.6762373744128607e-13
3538,3.6442696733571256e-13
3539,3.635735375956406e-13
3540,3.6431995658128824e-13
3541,3.6597472014704424e-13
3542,3.6356410503673997e-13
3543,3.643225044563936e-13
3544,3.652859265068642e-13
3545,3.6272436334909564e-13
3546,3.6815521334623846e-13
3547,3.6802426882885653e-13
3548,3.6892423794718243e-13
3549,3.6328934110117783e-13
3550,3.6406579248700333e-13
3551,3.6497560074004454e-13
3552,3.623549485638755e-13
3553,3.6206004557295945e-13
3554,3.6549612620305483e-13
3555,3.6710199225083173e-13
3556,3.6180078572846386e-13
3557,3.6895773979431223e-13
3558,3.6906315135053214e-13
3559,3.6546584985738817e-13
3560,3.6435370237390685e-13
3561,3.6492692006249994e-13
3562,3.664619063932506e-13
3563,3.613357443116305e-13
3564,3.626394161088814e-13
3565,3.664527177798388e-13
3566,3.634384731100032e-13
3567,3.627350156354403e-13
3568,3.6404912287860136e-13
3569,3.7202592352222896e-13
3570,3.653931269966687e-13
3571,3.6577755798197775e-13
3572,3.6649215563386295e-13
3573,3.6346004873323567e-13
3574,3.627383224520664e-13
3575,3.6369965741335497e-13
3576,3.6830971215581765e-13
3577,3.6256588009653257e-13
3578,3.635130391144159e-13
3579,3.6512771430484425e-13
3580,3.666405015961133e-13
3581,3.668010990429127e-13
3582,3.6691824708764975e-13
3583,3.6825750782121247e-13
3584,3.6256268170012373e-13
3585,3.634810551503276e-13
3586,3.6474268700834034e-13
3587,3.630493800553525e-13
3588,3.6390107507194847e-13
3589,3.6459938258619207e-13
3590,3.6232171776728883e-13
3591,3.6796764637039847e-13
3592,3.6787852495182016e-13
3593,3.683900244317445e-13
3594,3.6325638135513427e-13
3595,3.6404912287860136e-13
3596,3.646957410542717e-13
3597,3.666309335119411e-13
3598,3.6134409266835865e-13
3599,3.6488412118174107e-13
3600,3.661052580886115e-13
3601,3.614402342960038e-13
3602,3.68656656851013e-13
3603,3.6849505651720404e-13
3604,3.652039608226243e-13
3605,3.6425365761844075e-13
3606,3.6485549824438746e-13
3607,3.6600068678907527e-13
3608,3.6135417574856277e-13
3609,3.62619493893962e-13
3610,3.6620362233071024e-13
3611,3.634116391062342e-13
3612,3.6281980024532867e-13
3613,3.640378742810618e-13
3614,3.7173671259271845e-13
3615,3.655213339035651e-13
3616,3.658966575906253e-13
3617,3.6633117871630316e-13
3618,3.6349287295400767e-13
3619,3.628678304015698e-13
3620,3.637663087419085e-13
3621,3.65671983795432e-13
3622,3.6320919145557684e-13
3623,3.6406159120358494e-13
3624,3.6516032168518175e-13
3625,3.6864844401955643e-13
3626,3.6692990226100397e-13
3627,3.6703349777858496e-13
3628,3.6801155655838413e-13
3629,3.6269199991424694e-13
3630,3.6359692925751197e-13
3631,3.6457840327415447e-13
3632,3.6223490027832705e-13
3633,3.6419538175166966e-13
3634,3.648506735447199e-13
3635,3.6652657905283936e-13
3636,3.618337454745074e-13
3637,3.685617620558662e-13
3638,3.687424172428566e-13
3639,3.6524984967957475e-13
3640,3.64206440613829e-13
3641,3.6483153737637553e-13
3642,3.6642740165911125e-13
3643,3.6141939050923777e-13
3644,3.650132496604841e-13
3645,3.6592186529113557e-13
3646,3.6305577684817014e-13
3647,3.62740111385651e-13
3648,3.695409592479465e-13
3649,3.7038007751934166e-13
3650,3.64256720489578e-13
3651,3.648566637617229e-13
3652,3.6570272092702194e-13
3653,3.628787808435119e-13
3654,3.623438083865532e-13
3655,3.6584141748993715e-13
3656,3.6742668369643683e-13
3657,3.619464753953916e-13
3658,3.6323285416799134e-13
3659,3.706443789039393e-13
3660,3.6504954332820805e-13
3661,3.655039324586967e-13
3662,3.658669504510992e-13
3663,3.6734227855730883e-13
3664,3.6191937034107946e-13
3665,3.6298749921635787e-13
3666,3.6691114556341997e-13
3667,3.622144359623214e-13
3668,3.632339383701638e-13
3669,3.6410989241036917e-13
3670,3.7247722267652605e-13
3671,3.656943183601852e-13
3672,3.6600895383064047e-13
3673,3.66671997669224e-13
3674,3.635793651823177e-13
3675,3.6281844499261307e-13
3676,3.6369472429347016e-13
3677,3.6591359824957037e-13
3678,3.6307792167754316e-13
3679,3.6392265069518093e-13
3680,3.6523063219606744e-13
3681,3.612812631524631e-13
3682,3.6806161959369865e-13
3683,3.679931793315605e-13
3684,3.6484750225336537e-13
3685,3.639902778056897e-13
3686,3.6466137184540393e-13
3687,3.658768709009774e-13
3688,3.613222730996374e-13
3689,3.649853314545426e-13
3690,3.656181802626224e-13
3691,3.6298519528674134e-13
3692,3.626972582947835e-13
3693,3.695992351147176e-13
3694,3.700614576059025e-13
3695,3.643571447158045e-13
3696,3.6495155855686967e-13
3697,3.6552255363100916e-13
3698,3.6289517940137073e-13
3699,3.624087520966851e-13
3700,3.6357527231911657e-13
3701,3.67755983001275e-13
3702,3.6248342652131504e-13
3703,3.6350910888154064e-13
3704,3.708343582296131e-13
3705,3.669236680985122e-13
3706,3.6557876951365254e-13
3707,3.6593631228508394e-13
3708,3.670552902422519e-13
3709,3.6201627091024535e-13
3710,3.6306184838033606e-13
3711,3.642845302753023e-13
3712,3.6430030541691194e-13
3713,3.634871537875478e-13
3714,3.6428672578470156e-13
3715,3.6646822187090533e-13
3716,3.671222126213486e-13
3717,3.6720255200232976e-13
3718,3.675322307779283e-13
3719,3.643536210587439e-13
3720,3.6351049123931056e-13
3721,3.6427311904743687e-13
3722,3.6598970924207885e-13
3723,3.635346418427027e-13
3724,3.6430347670826646e-13
3725,3.6530362610733003e-13
3726,3.6284077955736627e-13
3727,3.681325535208335e-13
3728,3.6801047235621165e-13
3729,3.6896020635425464e-13
3730,3.632848145571077e-13
3731,3.6406668695379563e-13
3732,3.650117317774426e-13
3733,3.6237495209395787e-13
3734,3.620714839058792e-13
3735,3.6550534192152095e-13
3736,3.6716124389955807e-13
3737,3.6190017996262647e-13
3738,3.6895177668236356e-13
3739,3.690929940153298e-13
3740,3.6547961922497874e-13
3741,3.6435573525298026e-13
3742,3.649319887076563e-13
3743,3.6651695675855855e-13
3744,3.613404063809722e-13
3745,3.62645894216862e-13
3746,3.6649882347722373e-13
3747,3.619159279991818e-13
3748,3.630080990576351e-13
3749,3.6432873861888537e-13
3750,3.6777999807939554e-13
3751,3.663435115160152e-13
3752,3.6657498867984084e-13
3753,3.673056054188245e-13
3754,3.6247746340936637e-13
3755,3.6344744488298053e-13
3756,3.6425547365707966e-13
3757,3.645337612497024e-13
3758,3.637564967122475e-13
3759,3.645112098445147e-13
3760,3.6608330299461866e-13
3761,3.6735835185451593e-13
3762,3.6739903654103845e-13
3763,3.6745460190237833e-13
3764,3.6442249500175106e-13
3765,3.6364894385673696e-13
3766,3.6438872210407813e-13
3767,3.6571123191407595e-13
3768,3.612622896144446e-13
3769,3.6483045317420304e-13
3770,3.655516644593404e-13
3771,3.6291439688487803e-13
3772,3.6280616640300967e-13
3773,3.6951762179618375e-13
3774,3.70084252956579e-13
3775,3.643151860917293e-13
3776,3.6492738084842324e-13
3777,3.6557860688332666e-13
3778,3.6291377346862885e-13
3779,3.62486462287398e-13
3780,3.659527650530514e-13
3781,3.672719138363145e-13
3782,3.6208793667384664e-13
3783,3.6339475265739773e-13
3784,3.7055178803840905e-13
3785,3.6668527914583693e-13
3786,3.6538006236049025e-13
3787,3.6578089190365815e-13
3788,3.670137652990457e-13
3789,3.6192246031727104e-13
3790,3.6302859047869507e-13
3791,3.66741467923426e-13
3792,3.637474707291616e-13
3793,3.6303726409607495e-13
3794,3.640172473347303e-13
3795,3.720677466210326e-13
3796,3.6562701651032814e-13
3797,3.6596807940873777e-13
3798,3.6647204368356334e-13
3799,3.635344521073225e-13
3800,3.628549283957172e-13
3801,3.6373977289373693e-13
3802,3.657452487572377e-13
3803,3.6315471029640944e-13
3804,3.640009571970887e-13
3805,3.651104483852474e-13
3806,3.6290062751728747e-13
3807,3.679350660951153e-13
3808,3.6786058140586553e-13
3809,3.689331555100511e-13
3810,3.632019815111298e-13
3811,3.64011230012673e-13
3812,3.6505043779500035e-13
3813,3.624819899534365e-13
3814,3.644008922734643e-13
3815,3.650096717933149e-13
3816,3.6679941852954534e-13
3817,3.6181864795925556e-13
3818,3.6863334650430457e-13
3819,3.6888878453614216e-13
3820,3.6530099691706175e-13
3821,3.6420316090225724e-13
3822,3.648167922268297e-13
3823,3.665255219557212e-13
3824,3.61355151530518e-13
3825,3.64970342359508e-13
3826,3.6596821493400933e-13
3827,3.614781542669865e-13
3828,3.6285186552457993e-13
3829,3.6979146415989927e-13
3830,3.6625411904689376e-13
3831,3.651239738073492e-13
3832,3.6557258956126937e-13
3833,3.664672731940044e-13
3834,3.61832579957172e-13
3835,3.6292426312464765e-13
3836,3.6403120643770104e-13
3837,3.6417299297680783e-13
3838,3.6346045530905036e-13
3839,3.6428024767672096e-13
3840,3.662466380519036e-13
3841,3.671601596973856e-13
3842,3.672497690069415e-13
3843,3.6741619404041803e-13
3844,3.64371862760296e-13
3845,3.6359573663512224e-13
3846,3.643589336493891e-13
3847,3.6587603064429375e-13
3848,3.636366923721879e-13
3849,3.644027354171575e-13
3850,3.652421789492044e-13
3851,3.6287403745900726e-13
3852,3.682410008431364e-13
3853,3.68114013663684e-13
3854,3.6885053930450773e-13
3855,3.634008783996723e-13
3856,3.6417613716310804e-13
3857,3.649663308114698e-13
3858,3.6243360743148934e-13
3859,3.6453948041616224e-13
3860,3.6512432617305524e-13
3861,3.665878093705305e-13
3862,3.6173581491327766e-13
3863,3.687610926252777e-13
3864,3.6877442831199925e-13
3865,3.653292132786007e-13
3866,3.642999801562602e-13
3867,3.6489745686846264e-13
3868,3.662873227384261e-13
3869,3.613618464789331e-13
3870,3.626934906922341e-13
3871,3.6637755546423123e-13
3872,3.6345712138736996e-13
3873,3.6280565140697774e-13
3874,3.698991525406814e-13
3875,3.705162262071515e-13
3876,3.6449126052454095e-13
3877,3.6504105944620835e-13
3878,3.6571949895564115e-13
3879,3.629497960858097e-13
3880,3.6238606516622585e-13
3881,3.6346999628816823e-13
3882,3.678951132450592e-13
3883,3.624127907497776e-13
3884,3.6340234207260513e-13
3885,3.650645866333513e-13
3886,3.681508765375485e-13
3887,3.664880356656075e-13
3888,3.666728921360163e-13
3889,3.67911159437212e-13
3890,3.6244328393587877e-13
3891,3.6339656869603665e-13
3892,3.646081917288435e-13
3893,3.645521113714717e-13
3894,3.6362574193024577e-13
3895,3.643804008524043e-13
3896,3.665311327019638e-13
3897,3.671722756566631e-13
3898,3.6722263684757506e-13
3899,3.676416267771321e-13
3900,3.643549221013509e-13
3901,3.634551698234595e-13
3902,3.64206874294698e-13
3903,3.660152422032409e-13
3904,3.6110318294563237e-13
3905,3.6462724658202494e-13
3906,3.657180894928169e-13
3907,3.613273959549024e-13
3908,3.685304286130814e-13
3909,3.683283604331844e-13
3910,3.6940706027964454e-13
3911,3.634525406331912e-13
3912,3.6419332176754193e-13
3913,3.6522756932493017e-13
3914,3.6246629612698977e-13
3915,3.6209864317029994e-13
3916,3.6551564184215957e-13
3917,3.6730549699860726e-13
3918,3.6178227297636867e-13
3919,3.6893326393026837e-13
3920,3.6918916274802926e-13
3921,3.6391283866551993e-13
3922,3.6456674810080025e-13
3923,3.6509730243390603e-13
3924,3.6679987931546865e-13
3925,3.6141510791065645e-13
3926,3.627044411341762e-13
3927,3.666728921360163e-13
3928,3.619188282399932e-13
3929,3.629998320160699e-13
3930,3.6433586724816946e-13
3931,3.6779569190584227e-13
3932,3.663162438313772e-13
3933,3.6654213735401453e-13
3934,3.6738830293953084e-13
3935,3.624239580321542e-13
3936,3.63393126354139e-13
3937,3.643055909025028e-13
3938,3.644973862668155e-13
3939,3.636903603797259e-13
3940,3.644469708657949e-13
3941,3.6608506482314895e-13
3942,3.6729693180144463e-13
3943,3.673393241063888e-13
3944,3.6747604200033923e-13
3945,3.643859573885383e-13
3946,3.6358505724372325e-13
3947,3.643274646813327e-13
3948,3.657569039305919e-13
3949,3.612206562510212e-13
3950,3.6476307000918307e-13
3951,3.655626420063368e-13
3952,3.628736308831926e-13
3953,3.6271013319558176e-13
3954,3.69462761166256e-13
3955,3.701320391673313e-13
3956,3.642549044509391e-13
3957,3.648705144444764e-13
3958,3.6559644200906405e-13
3959,3.628814913489431e-13
3960,3.6245819171575044e-13
3961,3.6589454339638894e-13
3962,3.673124629975655e-13
3963,3.62027356877459e-13
3964,3.6331636484032703e-13
3965,3.7057255051001214e-13
3966,3.6665809277636185e-13
3967,3.653290777533291e-13
3968,3.657329972726886e-13
3969,3.670608196733316e-13
3970,3.61870527033209e-13
3971,3.6301070114284906e-13
3972,3.667558064971571e-13
3973,3.6371814306039585e-13
3974,3.6298590001815345e-13
3975,3.639541196632373e-13
3976,3.721157496722194e-13
3977,3.655793116147388e-13
3978,3.659237626449374e-13
3979,3.6649394456744755e-13
3980,3.635132017447418e-13
3981,3.628112079431117e-13
3982,3.63720067519252e-13
3983,3.681909920179305e-13
3984,3.626113081675597e-13
3985,3.63543179934811e-13
3986,3.647589500409276e-13
3987,3.682855344473712e-13
3988,3.665777533953807e-13
3989,3.6672417489877485e-13
3990,3.6789478798440745e-13
3991,3.6243859476148277e-13
3992,3.6337071047422287e-13
3993,3.6449391681986354e-13
3994,3.6449703390110944e-13
3995,3.6357115235086113e-13
3996,3.643145355704258e-13
3997,3.6616906338646227e-13
3998,3.614415624436651e-13
3999,3.6820034326166817e-13
4000,3.685186379144556e-13
4001,3.650087502214683e-13
4002,3.639625222300741e-13
4003,3.64616919556332e-13
4004,3.6637508890428883e-13
4005,3.612796639542587e-13
4006,3.648446291176083e-13
4007,3.6588939343606963e-13
4008,3.61393532287424e-13
4009,3.628067085040959e-13
4010,3.697479605477283e-13
4011,3.6620939570727873e-13
4012,3.650802533547437e-13
4013,3.655377866715326e-13
4014,3.664763804922533e-13
4015,3.61808266723454e-13
4016,3.6293364147343965e-13
4017,3.6643545186024196e-13
4018,3.6364428178739527e-13
4019,3.6303300860254795e-13
4020,3.6392541541072077e-13
4021,3.660215576808956e-13
4022,3.6689482832072406e-13
4023,3.6703189858038054e-13
4024,3.6724540509319725e-13
4025,3.6423555144216024e-13
4026,3.634808654149474e-13
4027,3.64266532519239e-13
4028,3.6590527699789654e-13
4029,3.6356134032120013e-13
4030,3.643432669279967e-13
4031,3.6521840781657267e-13
4032,3.6287428140449607e-13
4033,3.6820435480970637e-13
4034,3.6808685439926325e-13
4035,3.6886913337176586e-13
4036,3.633848051024652e-13
4037,3.6416586434752374e-13
4038,3.64988665376223e-13
4039,3.625057068759596e-13
4040,3.64524870791888e-13
4041,3.6511494782426324e-13
4042,3.6662369646243975e-13
4043,3.6174248275663845e-13
4044,3.6875477714762295e-13
4045,3.688006388995191e-13
4046,3.65339486094185e-13
4047,3.6429924831979377e-13
4048,3.648991915919386e-13
4049,3.6633426869249475e-13
4050,3.614116113586502e-13
4051,3.6505306698526863e-13
4052,3.658382190935283e-13
4053,3.630405438076467e-13
4054,3.625494002235108e-13
4055,3.695835683933252e-13
4056,3.702622518482468e-13
4057,3.6428607526339807e-13
4058,3.648737399459395e-13
4059,3.655994506700927e-13
4060,3.6285053737691864e-13
4061,3.6231011680404324e-13
4062,3.6584794980802637e-13
4063,3.672741364507681e-13
4064,3.6195487796222836e-13
4065,3.630608725983808e-13
4066,3.7053620263217957e-13
4067,3.6660561739121356e-13
4068,3.652602309153763e-13
4069,3.656575096964293e-13
4070,3.6698834075810094e-13
4071,3.6178579663342925e-13
4072,3.628571781152251e-13
4073,3.642972967558833e-13
4074,3.641633435774727e-13
4075,3.633160937897839e-13
4076,3.641329317065345e-13
4077,3.664954353454347e-13
4078,3.6698148317935997e-13
4079,3.6707502272179116e-13
4080,3.675491985419277e-13
4081,3.642861294735067e-13
4082,3.633976257931548e-13
4083,3.6416946931974725e-13
4084,3.661405217642716e-13
4085,3.6341692459182506e-13
4086,3.641961406931904e-13
4087,3.6534832234189074e-13
4088,3.612178102203184e-13
4089,3.682578330818642e-13
4090,3.681092973842337e-13
4091,3.692450262649666e-13
4092,3.633187500851065e-13
4093,3.6408934677920057e-13
4094,3.651655258556097e-13
4095,3.6245664672765465e-13
4096,3.644063132843267e-13
4097,3.6499573979539846e-13
4098,3.668509181327384e-13
4099,3.6162994257113446e-13
4100,3.6860564513879757e-13
4101,3.689236687410419e-13
4102,3.6370759919426843e-13
4103,3.644033317283524e-13
4104,3.6496890579162944e-13
4105,3.6672623488290257e-13
4106,3.613636083074634e-13
4107,3.650275611291609e-13
4108,3.660744396418586e-13
4109,3.614817863442643e-13
4110,3.6272571860181124e-13
4111,3.6984296376309234e-13
4112,3.66258916641507e-13
4113,3.650969500682e-13
4114,3.655369193097946e-13
4115,3.664781965308922e-13
4116,3.617787764243624e-13
4117,3.6286690882972317e-13
4118,3.6396696745898127e-13
4119,3.6413260644588274e-13
4120,3.6340101392494384e-13
4121,3.6421920709441e-13
4122,3.6615044221414983e-13
4123,3.67110611658103e-13
4124,3.6719783572287945e-13
4125,3.673908508146362e-13
4126,3.643280880975819e-13
4127,3.635367289318847e-13
4128,3.642999530512059e-13
4129,3.6582740417685777e-13
4130,3.6358172332204286e-13
4131,3.6434771215690387e-13
4132,3.652113062923429e-13
4133,3.627739113883782e-13
4134,3.6819692802482484e-13
4135,3.6806896506341724e-13
4136,3.688399412282717e-13
4137,3.6335170983115006e-13
4138,3.641273480653462e-13
4139,3.64939171547049e-13
4140,3.6239544351501785e-13
4141,3.6212409481629904e-13
4142,3.655624251659023e-13
4143,3.670436350688977e-13
4144,3.618890668903585e-13
4145,3.6902325271058467e-13
4146,3.6903420315252677e-13
4147,3.6550780848146336e-13
4148,3.6442154632485013e-13
4149,3.649913487765999e-13
4150,3.6640682892288834e-13
4151,3.6140589219219033e-13
4152,3.6269582172690495e-13
4153,3.6642902796237e-13
4154,3.634806756795672e-13
4155,3.628011248629076e-13
4156,3.64114391849385e-13
4157,3.7197046658110633e-13
4158,3.654578809714204e-13
4159,3.658381377783654e-13
4160,3.664655113654741e-13
4161,3.634964508211769e-13
4162,3.6279806199177034e-13
4163,3.6374297129014577e-13
4164,3.682571012453978e-13
4165,3.6262773383047286e-13
4166,3.6357058314472057e-13
4167,3.6507250130921043e-13
4168,3.667008645520664e-13
4169,3.6685701676995863e-13
4170,3.6697028879192906e-13
4171,3.6820362297323994e-13
4172,3.6261854521706105e-13
4173,3.635329071192267e-13
4174,3.6469687946655283e-13
4175,3.6229989819856756e-13
4176,3.6411894549850943e-13
4177,3.647841035313293e-13
4178,3.6673382429810997e-13
4179,3.6747858987544457e-13
4180,3.6746888626600083e-13
4181,3.6787337499150086e-13
4182,3.645177150575496e-13
4183,3.6356589397032457e-13
4184,3.642903849670337e-13
4185,3.661075078081194e-13
4186,3.6114646971736886e-13
4187,3.646515327106886e-13
4188,3.6575142870962085e-13
4189,3.612712071773133e-13
4190,3.627868404992851e-13
4191,3.696671061707152e-13
4192,3.6614445199714685e-13
4193,3.65021489596995e-13
4194,3.6549390358860123e-13
4195,3.664840241175693e-13
4196,3.617841432251162e-13
4197,3.6297833770800036e-13
4198,3.6644146918229925e-13
4199,3.6364352284587453e-13
4200,3.6302390130429907e-13
4201,3.639674824550132e-13
4202,3.7182404507771216e-13
4203,3.6567778427705477e-13
4204,3.6602296714371985e-13
4205,3.663455172900343e-13
4206,3.6355540431430577e-13
4207,3.6293805959729253e-13
4208,3.6384391051240417e-13
4209,3.67983584142334e-13
4210,3.627555070565003e-13
4211,3.63679165992295e-13
4212,3.6463825123407567e-13
4213,3.6264575869159044e-13
4214,3.6779075878595746e-13
4215,3.6775321828573515e-13
4216,3.6860339541928966e-13
4217,3.631805685182232e-13
4218,3.6400602584224506e-13
4219,3.648813022560926e-13
4220,3.6251519364496887e-13
4221,3.644371046260253e-13
4222,3.650520640982591e-13
4223,3.666211214822801e-13
4224,3.6183051997304427e-13
4225,3.6871325220441675e-13
4226,3.688056262295125e-13
4227,3.6534078713679197e-13
4228,3.642963751840367e-13
4229,3.649058323302451e-13
4230,3.664011097564285e-13
4231,3.6149929620934995e-13
4232,3.650583795759138e-13
4233,3.6588763160753934e-13
4234,3.630724735616264e-13
4235,3.626526162703314e-13
4236,3.695882846727755e-13
4237,3.7032920133239777e-13
4238,3.642970799154488e-13
4239,3.6488989455830956e-13
4240,3.656595154704484e-13
4241,3.62887996561978e-13
4242,3.6239498272909454e-13
4243,3.6585835814888223e-13
4244,3.673477808833342e-13
4245,3.619670481316145e-13
4246,3.631423774966974e-13
4247,3.7058911169819686e-13
4248,3.6508545752517163e-13
4249,3.6553396485887457e-13
4250,3.658920497313922e-13
4251,3.6727440750131124e-13
4252,3.619457706639795e-13
4253,3.630367219949887e-13
4254,3.6685015919121766e-13
4255,3.6375717433860533e-13
4256,3.6298549344233877e-13
4257,3.638618269533045e-13
4258,3.663969084730101e-13
4259,3.667725845257763e-13
4260,3.669064834940783e-13
4261,3.674375257181617e-13
4262,3.6419139730868577e-13
4263,3.633140609107105e-13
4264,3.6410512192081024e-13
4265,3.662174188033551e-13
4266,3.6336146765070243e-13
4267,3.641550223257989e-13
4268,3.653700605954491e-13
4269,3.6124917076815755e-13
4270,3.68228722253533e-13
4271,3.680899172704005e-13
4272,3.6928869250746343e-13
4273,3.633087483200653e-13
4274,3.6408547075643394e-13
4275,3.652178115053778e-13
4276,3.6098993802871626e-13
4277,3.6464402461064416e-13
4278,3.6521992569961415e-13
4279,3.627252036057793e-13
4280,3.6240417134250635e-13
4281,3.6944503446073584e-13
4282,3.6981238926182824e-13
4283,3.6426173492462577e-13
4284,3.648698910282272e-13
4285,3.653683800820817e-13
4286,3.6282088444750116e-13
4287,3.623880167301363e-13
4288,3.6591468245174286e-13
4289,3.670318443702719e-13
4290,3.6206253923795617e-13
4291,3.6312971943633365e-13
4292,3.646660339147456e-13
4293,3.679181254361702e-13
4294,3.6638538882492744e-13
4295,3.6660786711072146e-13
4296,3.6760758282891604e-13
4297,3.6246626902193546e-13
4298,3.6343568128940906e-13
4299,3.6457989405214164e-13
4300,3.645467174656636e-13
4301,3.636988171566713e-13
4302,3.6446025234240786e-13
4303,3.6633914760227093e-13
4304,3.672834605894515e-13
4305,3.6733360493992895e-13
4306,3.6758234802335144e-13
4307,3.644234978887606e-13
4308,3.6358215700291185e-13
4309,3.6432976861094923e-13
4310,3.659891400359383e-13
4311,3.6357079998515507e-13
4312,3.643306359726872e-13
4313,3.65257601725108e-13
4314,3.626780679163305e-13
4315,3.6817746659582873e-13
4316,3.6804530235100275e-13
4317,3.689007649701481e-13
4318,3.633127327630492e-13
4319,3.6408769337088753e-13
4320,3.6496180426739966e-13
4321,3.6239988874392504e-13
4322,3.6443948987080477e-13
4323,3.650271545533462e-13
4324,3.666035031969772e-13
4325,3.6152558811203273e-13
4326,3.6868449374179157e-13
4327,3.687765696112899e-13
4328,3.652766023681808e-13
4329,3.642159815929469e-13
4330,3.648155724993857e-13
4331,3.6631234070355623e-13
4332,3.6130099563200235e-13
4333,3.6497186024254946e-13
4334,3.658000280720025e-13
4335,3.629726185415405e-13
4336,3.623792346925392e-13
4337,3.637980216554537e-13
4338,3.716749672789954e-13
4339,3.651928477503563e-13
4340,3.656164184340921e-13
4341,3.663161083061056e-13
4342,3.633537698152778e-13
4343,3.6266817457150657e-13
4344,3.6372757561929647e-13
4345,3.6820405665410894e-13
4346,3.625319987786424e-13
4347,3.6349059612944545e-13
4348,3.650614966571597e-13
4349,3.666373845148674e-13
4350,3.668042974393215e-13
4351,3.669266496544865e-13
4352,3.6823557983227395e-13
4353,3.625824412847173e-13
4354,3.635029289291575e-13
4355,3.6480521836863844e-13
4356,3.646233163491497e-13
4357,3.636487812264111e-13
4358,3.6438983341130493e-13
4359,3.664790638926302e-13
4360,3.6718016322746794e-13
4361,3.672198721320352e-13
4362,3.6768732589870234e-13
4363,3.643540547396129e-13
4364,3.634232671745341e-13
4365,3.6417147509376635e-13
4366,3.6609715367737217e-13
4367,3.633950779180495e-13
4368,3.6415944044965176e-13
4369,3.6531869651752757e-13
4370,3.6097023265423134e-13
4371,3.682307551326064e-13
4372,3.6806985953020954e-13
4373,3.6920854286186244e-13
4374,3.632600405374664e-13
4375,3.640246199095032e-13
4376,3.6510131398194423e-13
4377,3.6235055754507695e-13
4378,3.643400143214792e-13
4379,3.6492602559570764e-13
4380,3.6677982157527766e-13
4381,3.6140974110990265e-13
4382,3.685612741648886e-13
4383,3.6887647884148445e-13
4384,3.636532806654269e-13
4385,3.6434562506772183e-13
4386,3.6490867836094787e-13
4387,3.666606406514672e-13
4388,3.612783629116517e-13
4389,3.6261144369283127e-13
4390,3.6659374537742484e-13
4391,3.6182469238636716e-13
4392,3.629181102773188e-13
4393,3.6427648007417157e-13
4394,3.677443549329751e-13
4395,3.6625964847797343e-13
4396,3.6649234536924313e-13
4397,3.6738114720519244e-13
4398,3.6238178256764453e-13
4399,3.6335547743369945e-13
4400,3.643171376556398e-13
4401,3.644739674998898e-13
4402,3.636566416921616e-13
4403,3.644166132049653e-13
4404,3.660827608935324e-13
4405,3.6727036884821873e-13
4406,3.6731511929288807e-13
4407,3.674782104046842e-13
4408,3.643766061448006e-13
4409,3.635631021497304e-13
4410,3.6430724431081585e-13
4411,3.657756606281759e-13
4412,3.612200057297177e-13
4413,3.647398680826919e-13
4414,3.6556472909551885e-13
4415,3.6286511989613857e-13
4416,3.6267885396290556e-13
4417,3.694456036668764e-13
4418,3.701526390086085e-13
4419,3.6423641880389823e-13
4420,3.6485346536531404e-13
4421,3.6560354353329383e-13
4422,3.6287756111606784e-13
4423,3.6246217615873433e-13
4424,3.658752445977187e-13
4425,3.6732981023232525e-13
4426,3.620078683434086e-13
4427,3.632897476769925e-13
4428,3.705798417696221e-13
4429,3.666550570102789e-13
4430,3.6531351945215396e-13
4431,3.657186586989575e-13
4432,3.67082042930858e-13
4433,3.618547518915993e-13
4434,3.630170708306124e-13
4435,3.66759357259272e-13
4436,3.637129388899679e-13
4437,3.6296895935920837e-13
4438,3.6393118878728925e-13
4439,3.7213643082865955e-13
4440,3.655641598893783e-13
4441,3.6590993906723823e-13
4442,3.6650175082308944e-13
4443,3.6351181938697186e-13
4444,3.6279765541595566e-13
4445,3.6372847008608877e-13
4446,3.682075803111695e-13
4447,3.62594313298506e-13
4448,3.6352791978923327e-13
4449,3.647582182044612e-13
4450,3.682841791946556e-13
4451,3.6656452612887636e-13
4452,3.6671216735971457e-13
4453,3.679154962459019e-13
4454,3.624252319697069e-13
4455,3.633585403048367e-13
4456,3.645228650178689e-13
4457,3.644929410379083e-13
4458,3.6355597352044633e-13
4459,3.643009288331611e-13
4460,3.6618738640317727e-13
4461,3.6142177575401724e-13
4462,3.6818841703777083e-13
4463,3.68535171997586e-13
4464,3.6346425001665406e-13
4465,3.642164694839245e-13
4466,3.6482915213159606e-13
4467,3.666070810641464e-13
4468,3.6142421520890533e-13
4469,3.649614247966393e-13
4470,3.6602806289393053e-13
4471,3.6146687856439264e-13
4472,3.6284470979024153e-13
4473,3.6982919439550177e-13
4474,3.662643105473151e-13
4475,3.651144328282313e-13
4476,3.655652983016594e-13
4477,3.6652815114598947e-13
4478,3.61821900565773e-13
4479,3.6295912022449306e-13
4480,3.6645803037048397e-13
4481,3.6365517801922875e-13
4482,3.630324122913531e-13
4483,3.6392387042262497e-13
4484,3.660331857491955e-13
4485,3.66891521504098e-13
4486,3.670281851879398e-13
4487,3.672568705311713e-13
4488,3.6423845168297164e-13
4489,3.6347411625642367e-13
4490,3.6425991888598686e-13
4491,3.659393209461126e-13
4492,3.635496580427916e-13
4493,3.643325875365977e-13
4494,3.652227717303169e-13
4495,3.6286357490804277e-13
4496,3.68195464351892e-13
4497,3.6807858735769805e-13
4498,3.688842308870177e-13
4499,3.6337512859807575e-13
4500,3.6415694678465504e-13
4501,3.649943032275199e-13
4502,3.625215091226236e-13
4503,3.6451272772755616e-13
4504,3.6510399738232113e-13
4505,3.6663554137117416e-13
4506,3.617238344792717e-13
4507,3.6874583247969994e-13
4508,3.688057888598384e-13
4509,3.6533891688804443e-13
4510,3.64290412072088e-13
4511,3.648910871806993e-13
4512,3.6634833621568275e-13
4513,3.614187399879343e-13
4514,3.650416557574032e-13
4515,3.658406585484164e-13
4516,3.630382398780302e-13
4517,3.6253262219489157e-13
4518,3.695755724023031e-13
4519,3.702758856905658e-13
4520,3.642772390156923e-13
4521,3.648656626397545e-13
4522,3.656046277354663e-13
4523,3.628506457971359e-13
4524,3.623183296354998e-13
4525,3.6583767699244207e-13
4526,3.6728497847249297e-13
4527,3.61944686461807e-13
4528,3.6304553113764015e-13
4529,3.705410002267928e-13
4530,3.6660578002153943e-13
4531,3.6525250597489733e-13
4532,3.6565051659241676e-13
4533,3.670019203903113e-13
4534,3.6177793616767873e-13
4535,3.628605120369055e-13
4536,3.6668595677219473e-13
4537,3.636437125812547e-13
4538,3.628968870197924e-13
4539,3.637830596654734e-13
4540,3.6623731391322023e-13
4541,3.667220607045385e-13
4542,3.668602422714218e-13
4543,3.673620652469567e-13
4544,3.6414686370445093e-13
4545,3.6328183300113337e-13
4546,3.640746558397634e-13
4547,3.6611433828180606e-13
4548,3.6334517751306084e-13
4549,3.6413819008707105e-13
4550,3.653131670864479e-13
4551,3.6119777958518173e-13
4552,3.682227591415843e-13
4553,3.6808213811981294e-13
4554,3.692403370905706e-13
4555,3.6330254126262784e-13
4556,3.64077745815955e-13
4557,3.6516994397946256e-13
4558,3.6095510803392516e-13
4559,3.646430488286889e-13
4560,3.6519696771861176e-13
4561,3.670688698744623e-13
4562,3.617401788270219e-13
4563,3.687334725749336e-13
4564,3.690694939332412e-13
4565,3.6379447089333883e-13
4566,3.644781687833082e-13
4567,3.650335513461639e-13
4568,3.6681215790507204e-13
4569,3.614556570719074e-13
4570,3.6505802721020775e-13
4571,3.6612683371184396e-13
4572,3.615029824967364e-13
4573,3.6273132934805385e-13
4574,3.698774684972317e-13
4575,3.662848290734294e-13
4576,3.6511099048633366e-13
4577,3.6555003815608167e-13
4578,3.6651427335818165e-13
4579,3.6178761267206816e-13
4580,3.6287555534204874e-13
4581,3.6403708823448677e-13
4582,3.6413932849935216e-13
4583,3.633993876216851e-13
4584,3.642189089388126e-13
4585,3.6615914293658403e-13
4586,3.67111479019841e-13
4587,3.671995433413011e-13
4588,3.6740662595624585e-13
4589,3.6433898432941536e-13
4590,3.635380841846003e-13
4591,3.64301958825225e-13
4592,3.658993680960565e-13
4593,3.6357345628047766e-13
4594,3.6434158641462933e-13
4595,3.652195733339081e-13
4596,3.6276323199697924e-13
4597,3.6819511198618593e-13
4598,3.680681790168422e-13
4599,3.6886281789411113e-13
4600,3.633500293177827e-13
4601,3.6412653491371683e-13
4602,3.6495239881355335e-13
4603,3.6242653301231387e-13
4604,3.644858124086242e-13
4605,3.650729349900794e-13
4606,3.6659133302759106e-13
4607,3.616256057624445e-13
4608,3.687225221329915e-13
4609,3.6876881756575663e-13
4610,3.6530885738281227e-13
4611,3.642586720534885e-13
4612,3.648573413880807e-13
4613,3.6629924896232346e-13
4614,3.6133430774375197e-13
4615,3.650168546327076e-13
4616,3.658010580640664e-13
4617,3.630087495789386e-13
4618,3.624571617236866e-13
4619,3.695557315025466e-13
4620,3.702381554549633e-13
4621,3.642544436650158e-13
4622,3.648410783554934e-13
4623,3.6556424120454123e-13
4624,3.62822781801303e-13
4625,3.6226588135540583e-13
4626,3.6342784792871285e-13
4627,3.6783138926237136e-13
4628,3.6232643404673914e-13
4629,3.63328778955202e-13
4630,3.650161770063498e-13
4631,3.665154659805714e-13
4632,3.667127365658551e-13
4633,3.6686021516636746e-13
4634,3.681385437378365e-13
4635,3.625615161827883e-13
4636,3.634949600431897e-13
4637,3.647725025680837e-13
4638,3.646289813055009e-13
4639,3.6366927264747106e-13
4640,3.644158813684989e-13
4641,3.6657612709212195e-13
4642,3.671968599409242e-13
4643,3.672421524866798e-13
4644,3.676863501167471e-13
4645,3.6438202715566304e-13
4646,3.634592355816063e-13
4647,3.6420917822431453e-13
4648,3.660974789380239e-13
4649,3.634379852190256e-13
4650,3.6420253748600806e-13
4651,3.6533533902087523e-13
4652,3.6109328960080844e-13
4653,3.682597846457747e-13
4654,3.681005695567452e-13
4655,3.6921483123446286e-13
4656,3.6329538552828944e-13
4657,3.6406023595086934e-13
4658,3.651164114971961e-13
4659,3.6238205361818765e-13
4660,3.6201778879328683e-13
4661,3.654457921171972e-13
4662,3.672642160008899e-13
4663,3.6175253873178825e-13
4664,3.688835532606599e-13
4665,3.6916707212876487e-13
4666,3.638752710602433e-13
4667,3.6453438466595156e-13
4668,3.650693571229102e-13
4669,3.6679811748693836e-13
4670,3.61392231244817e-13
4671,3.6268064289649016e-13
4672,3.666789907732365e-13
4673,3.6190172495072226e-13
4674,3.6298476160587234e-13
4675,3.6434966372081434e-13
4676,3.6779230377405325e-13
4677,3.663013631565598e-13
4678,3.6652896429761883e-13
4679,3.6739971416739625e-13
4680,3.624112186566275e-13
4681,3.633817422313279e-13
4682,3.6430193172017067e-13
4683,3.645002594025726e-13
4684,3.6368065677028216e-13
4685,3.644381888281978e-13
4686,3.6611569353452167e-13
4687,3.672848158421671e-13
4688,3.673285362947726e-13
4689,3.674766383115341e-13
4690,3.643884781585893e-13
4691,3.635752994241709e-13
4692,3.6431865553868126e-13
4693,3.6577132381948596e-13
4694,3.61207266354191e-13
4695,3.6475518243837823e-13
4696,3.655655422471482e-13
4697,3.628781303222084e-13
4698,3.6271682814399686e-13
4699,3.6945311176692086e-13
4700,3.7014510380350973e-13
4701,3.6424498400106087e-13
4702,3.648615968816077e-13
4703,3.6559795989210553e-13
4704,3.6288517763632955e-13
4705,3.624460486514186e-13
4706,3.658875773974307e-13
4707,3.6732758761787165e-13
4708,3.62019279571274e-13
4709,3.633234392595025e-13
4710,3.7057252340495783e-13
4711,3.66660884596956e-13
4712,3.653200788752975e-13
4713,3.6572489286144927e-13
4714,3.6707431799037904e-13
4715,3.618618263107748e-13
4716,3.6299934412509227e-13
4717,3.6675832726720814e-13
4718,3.6372302197017203e-13
4719,3.6297871717876073e-13
4720,3.639616277632818e-13
4721,3.721276216860081e-13
4722,3.655699332659468e-13
4723,3.6591538718315497e-13
4724,3.6649481192918554e-13
4725,3.635170777675084e-13
4726,3.6280340168746983e-13
4727,3.6370960496828753e-13
4728,3.6820516796133573e-13
4729,3.6260401690794974e-13
4730,3.6353656630155884e-13
4731,3.6477491491791747e-13
4732,3.6828829916291106e-13
4733,3.6656918819821804e-13
4734,3.6671655837851314e-13
4735,3.679071478891738e-13
4736,3.6243046324518913e-13
4737,3.633634192146129e-13
4738,3.6449440471084116e-13
4739,3.621550487883235e-13
4740,3.639989514230696e-13
4741,3.646731083339211e-13
4742,3.6654818178112614e-13
4743,3.616173387208793e-13
4744,3.6842095129871466e-13
4745,3.6875859896028096e-13
4746,3.636188572464505e-13
4747,3.643460045384822e-13
4748,3.649375723488446e-13
4749,3.66712031834443e-13
4750,3.615004888317397e-13
4751,3.650224653789502e-13
4752,3.660869079668422e-13
4753,3.615070211498289e-13
4754,3.6285747627082254e-13
4755,3.698638888650213e-13
4756,3.6629447847276453e-13
4757,3.651358187160836e-13
4758,3.65582889481908e-13
4759,3.66544956279663e-13
4760,3.618328510077151e-13
4761,3.629763590390356e-13
4762,3.6646225875895666e-13
4763,3.6366227954345853e-13
4764,3.630355835827076e-13
4765,3.639261743522415e-13
4766,3.660205818989404e-13
4767,3.668951264763215e-13
4768,3.670308685883167e-13
4769,3.6725676211095404e-13
4770,3.642423819158469e-13
4771,3.634747938827815e-13
4772,3.6426018993653e-13
4773,3.659485366645787e-13
4774,3.635476793738268e-13
4775,3.6433066307774153e-13
4776,3.6521838071151835e-13
4777,3.6285164868414543e-13
4778,3.6819587092770667e-13
4779,3.68078668672861e-13
4780,3.6888406825669184e-13
4781,3.633747762323697e-13
4782,3.641564046835688e-13
4783,3.6499126746143695e-13
4784,3.6253232403929414e-13
4785,3.6451020695750513e-13
4786,3.651016934527046e-13
4787,3.666329663910145e-13
4788,3.6171036326727857e-13
4789,3.687459951100258e-13
4790,3.6880343072011323e-13
4791,3.6534122081766096e-13
4792,3.6429005970638195e-13
4793,3.64890626394776e-13
4794,3.6634763148427063e-13
4795,3.6142714255477104e-13
4796,3.65039378932841e-13
4797,3.658359693740204e-13
4798,3.6303878197911643e-13
4799,3.62520153869908e-13
4800,3.695758434528462e-13
4801,3.702758856905658e-13
4802,3.642772390156923e-13
4803,3.6486558132459157e-13
4804,3.6560205275530666e-13
4805,3.6285281420148086e-13
4806,3.6232692193771676e-13
4807,3.6583561700831435e-13
4808,3.6728264743782213e-13
4809,3.619431143686569e-13
4810,3.6303395727944887e-13
4811,3.7053994312967464e-13
4812,3.6507361261643723e-13
4813,3.655181626122106e-13
4814,3.6587313040348235e-13
4815,3.672122014016649e-13
4816,3.61926797125961e-13
4817,3.6298281004196187e-13
4818,3.6680256271584555e-13
4819,3.637338368868426e-13
4820,3.6296909488447993e-13
4821,3.638433413062636e-13
4822,3.662675631538326e-13
4823,3.667690066586071e-13
4824,3.668991922344683e-13
4825,3.673945099969683e-13
4826,3.6417302008186214e-13
4827,3.6330302915360546e-13
4828,3.640920301795775e-13
4829,3.661312247306425e-13
4830,3.6335618216511156e-13
4831,3.641470534398311e-13
4832,3.653171786344861e-13
4833,3.61188509656607e-13
4834,3.682302943466831e-13
4835,3.680880741267073e-13
4836,3.692414755028517e-13
4837,3.6330636307528585e-13
4838,3.6408061895171207e-13
4839,3.651682092559866e-13
4840,3.609623450834265e-13
4841,3.6464337408934067e-13
4842,3.6519696771861176e-13
4843,3.6706428912028355e-13
4844,3.6172730392622365e-13
4845,3.687354512438984e-13
4846,3.6906697316319015e-13
4847,3.637957990410001e-13
4848,3.644790632501005e-13
4849,3.6503409344725013e-13
4850,3.668082276721968e-13
4851,3.6146175570912764e-13
4852,3.6505713274341545e-13
4853,3.661215482262531e-13
4854,3.6150246750070447e-13
4855,3.6271907786350477e-13
4856,3.6987562535353846e-13
4857,3.662852627542984e-13
4858,3.651119391632346e-13
4859,3.6555068867738516e-13
4860,3.665105599657409e-13
4861,3.6178823608831734e-13
4862,3.628759077077548e-13
4863,3.6403990716013523e-13
4864,3.6413775640620205e-13
4865,3.6339876420543593e-13
4866,3.642183126276177e-13
4867,3.6614331358486574e-13
4868,3.671131053230997e-13
4869,3.672008172788538e-13
4870,3.6740443044684656e-13
4871,3.643392553799585e-13
4872,3.635389515463383e-13
4873,3.6430260934652847e-13
4874,3.6590175334083597e-13
4875,3.635731310198259e-13
4876,3.6434123404892327e-13
4877,3.6521588704652164e-13
4878,3.627524170803087e-13
4879,3.681968196046076e-13
4880,3.680695613746121e-13
4881,3.68860026073517e-13
4882,3.6335124904522675e-13
4883,3.641275378007264e-13
4884,3.6495012198899113e-13
4885,3.6243246901920823e-13
4886,3.644855955681897e-13
4887,3.6507277235975355e-13
4888,3.6658702332395543e-13
4889,3.616166339894672e-13
4890,3.687242568564675e-13
4891,3.6876729968271516e-13
4892,3.653095621142244e-13
4893,3.6425994599104117e-13
4894,3.6485839848519885e-13
4895,3.6629634872151207e-13
4896,3.6134116532249294e-13
4897,3.6501674621249036e-13
4898,3.6579788677271186e-13
4899,3.6300818037279803e-13
4900,3.624486778416869e-13
4901,3.6955741201591397e-13
4902,3.702359328405097e-13
4903,3.642560428632202e-13
4904,3.648424065031547e-13
4905,3.6556253358611956e-13
4906,3.6282326969228063e-13
4907,3.6226699266263263e-13
4908,3.634345970872366e-13
4909,3.6782732350422453e-13
4910,3.623267322023366e-13
4911,3.633290229006908e-13
4912,3.650042778875068e-13
4913,3.6651744464953617e-13
4914,3.667144170792225e-13
4915,3.66861651734246e-13
4916,3.681363482284372e-13
4917,3.6256295275066686e-13
4918,3.6349617977063375e-13
4919,3.647765141161219e-13
4920,3.6462835788925174e-13
4921,3.636695436980142e-13
4922,3.644161253139877e-13
4923,3.6656474296931085e-13
4924,3.6719873018967175e-13
4925,3.672437787899385e-13
4926,3.6768515749435737e-13
4927,3.643827860971838e-13
4928,3.634605366242133e-13
4929,3.6421031663659564e-13
4930,3.661007586495957e-13
4931,3.634381749544058e-13
4932,3.6420278143149687e-13
4933,3.653321677295207e-13
4934,3.610864862321761e-13
4935,3.6826151936925067e-13
4936,3.6810208743978667e-13
4937,3.6921306940593257e-13
4938,3.632968492012223e-13
4939,3.64061509888422e-13
4940,3.651150833495348e-13
4941,3.623826499293825e-13
4942,3.6202432111137606e-13
4943,3.654458192222515e-13
4944,3.6726101760448104e-13
4945,3.617459522035904e-13
4946,3.6888515245886433e-13
4947,3.6916550003561477e-13
4948,3.638768160483391e-13
4949,3.6453573991866717e-13
4950,3.6507057685035427e-13
4951,3.667961930280822e-13
4952,3.6139345097226105e-13
4953,3.626870396893078e-13
4954,3.666758465869363e-13
4955,3.6190213152653694e-13
4956,3.629851410766327e-13
4957,3.6434077326299996e-13
4958,3.6779341508128005e-13
4959,3.663029081446556e-13
4960,3.6653031955033444e-13
4961,3.6739814207424615e-13
4962,3.624125739093431e-13
4963,3.6338296195877196e-13
4964,3.643060245833718e-13
4965,3.644998257217036e-13
4966,3.636810091359882e-13
4967,3.644384869837952e-13
4968,3.6610645071100123e-13
4969,3.6728646925048014e-13
4970,3.6733002707275975e-13
4971,3.6747582515990473e-13
4972,3.6438923710011006e-13
4973,3.6357651915161493e-13
4974,3.6431976684590806e-13
4975,3.6576969751622723e-13
4976,3.6121341920151984e-13
4977,3.647552908585955e-13
4978,3.6556356357818343e-13
4979,3.628779676918825e-13
4980,3.6271102766237406e-13
4981,3.6945460254490803e-13
4982,3.701438569710114e-13
4983,3.6424633925377647e-13
4984,3.6486281660905173e-13
4985,3.6559709253036754e-13
4986,3.628857739475244e-13
4987,3.624520388684216e-13
4988,3.6588763160753934e-13
4989,3.6732509395287494e-13
4990,3.620197403571973e-13
4991,3.6331777430315126e-13
4992,3.7057208972408884e-13
4993,3.666617790637483e-13
4994,3.6532132570779585e-13
4995,3.657260583787847e-13
4996,3.670729356326091e-13
4997,3.618629918281102e-13
4998,3.630051988168237e-13
4999,3.66756402808352e-13
5000,3.637227780246832e-13
